,title,img_path,description
1,언제나 좋아,./image/image_1.jpg,그래픽 디테일이 돋보이는 스웨트셔츠와 데님 팬츠를 코디하고 에코 백으로 마무리한 캐주얼 룩
2,데일리로 즐겨,./image/image_2.jpg,컬러 배색이 돋보이는 집업과 데님 팬츠를 매치하고 크로스 백으로 완성한 캐주얼 룩
3,꿀 조합,./image/image_3.jpg,로고 포인트의 스웨트셔츠와 데님 팬츠를 코디하고 스니커즈로 마무리한 캐주얼 룩
4,편안한 꾸안꾸,./image/image_4.jpg,로고 디테일이 돋보이는 후드 티셔츠와 스웨트 팬츠를 코디하고 볼캡으로 마무리한 캐주얼 룩
5,단정한 매력,./image/image_5.jpg,단정한 무드의 블레이저 재킷과 슬랙스를 매치하고 토트백을 더해 연출한 포멀 룩
6,디테일에 집중!,./image/image_6.jpg,컬러 배색이 돋보이는 레더 재킷과 부츠 컷 팬츠를 코디하고 비니로 멋을 더한 스트릿 룩
7,로맨틱한 하루,./image/image_7.jpg,로고 포인트가 돋보이는 니트와 데님 팬츠를 매치하고 트위드 재킷으로 완성한 로맨틱 룩
8,스포티 무드,./image/image_8.jpg,컬러 배색이 매력적인 아노락 재킷과 트레이닝 팬츠를 매치하고 스니커즈로 연출한 아웃도어 룩
9,탐나는 매치,./image/image_9.jpg,레터링이 돋보이는 스웨트셔츠와 코튼 팬츠를 매치하고 베스트를 더해 완성한 아웃도어 룩
10,고프코어 스타일,./image/image_10.jpg,활동하기 좋은 후드 티셔츠와 롱스커트를 코디하고 백팩으로 완성한 아웃도어 룩
11,누구나 도전 가능,./image/image_11.jpg,워싱 디테일이 돋보이는 데님 팬츠와 스웨트셔츠를 코디하고 볼캡으로 완성한 캐주얼 룩
12,캠퍼스 룩으로 제격,./image/image_12.jpg,워싱 디테일이 돋보이는 트러커 재킷과 데님 팬츠를 매치하고 백팩으로 마무리한 캐주얼 룩
13,캐주얼한 연출,./image/image_13.jpg,레터링이 돋보이는 후드 티셔츠와 데님 팬츠를 코디하고 스니커즈로 마무리한 캐주얼 룩
14,이렇게 입어봐,./image/image_14.jpg,그래픽이 돋보이는 긴소매 티셔츠와 카고 팬츠를 코디하고 백팩으로 마무리한 캐주얼 룩
15,요즘 입기 좋아,./image/image_15.jpg,로고 디테일이 돋보이는 스웨트셔츠와 조거 팬츠를 매치하고 트러커 재킷으로 완성한 캐주얼 룩
16,여행 가는 날,./image/image_16.jpg,담백한 무드의 블루종과 데님 팬츠를 매치하고 선글라스로 멋을 더한 댄디 룩
17,스트릿 바이브,./image/image_17.jpg,그래픽이 돋보이는 후드 티셔츠와 카고 팬츠를 코디하고 레더 재킷으로 멋을 더한 스트릿 룩
18,찰떡 조합,./image/image_18.jpg,워싱 디테일이 돋보이는 데님 팬츠와 스웨트셔츠를 코디하고 스타디움 재킷으로 완성한 캐주얼 룩
19,데일리 아메카지,./image/image_19.jpg,컬러 배색 디테일이 돋보이는 스웨트셔츠와 코튼 팬츠를 코디하고 스니커즈로 연출한 아메리칸 캐주얼 룩
20,멋스러워,./image/image_20.jpg,절개 디테일이 돋보이는 블루종과 데님 팬츠를 매치하고 크로스 백으로 완성한 댄디 룩
21,유니크한 감각,./image/image_21.jpg,자수 디테일이 매력적인 스타디움 재킷과 코튼 팬츠를 코디하고 비니를 더해 연출한 스트릿 룩
22,하나로 완성,./image/image_22.jpg,그린 컬러가 돋보이는 후드 집업과 트레이닝 셋업을 매치하고 볼캡으로 완성한 캐주얼 룩
23,추천 아웃도어 룩,./image/image_23.jpg,로고 디테일이 돋보이는 스웨트셔츠와 카고 팬츠를 코디하고 캠프캡으로 연출한 아웃도어 룩
24,고프코어 끝판왕,./image/image_24.jpg,컬러 배색이 돋보이는 나일론 재킷과 퍼티그 팬츠를 매치하고 백팩으로 완성한 아웃도어 룩
25,남다른 스타일,./image/image_25.jpg,지퍼 디테일이 돋보이는 윈드브레이커와 코튼 팬츠를 코디하고 트레킹화로 마무리한 아웃도어 룩
26,오늘의 OOTD,./image/image_26.jpg,그래픽이 돋보이는 후드 티셔츠와 데님 팬츠를 코디하고 볼캡으로 완성한 캐주얼 룩
27,완벽 꿀조합,./image/image_27.jpg,셔링 디테일이 돋보이는 블루종과 미니스커트를 매치하고 부츠로 멋을 더한 걸리시 룩
28,차분한 분위기,./image/image_28.jpg,트위드 소재가 돋보이는 블레이저 재킷과 니트를 코디하고 슬랙스로 연출한 포멀 룩
29,멋스러운 캐주얼,./image/image_29.jpg,로고 포인트의 긴소매 티셔츠와 데님 팬츠를 코디하고 토트백으로 완성한 캐주얼 룩
30,분위기에 반해,./image/image_30.jpg,간결한 실루엣의 미디 원피스와 카디건을 매치하고 숄더백으로 연출한 로맨틱 룩
31,편안한 하루,./image/image_31.jpg,로고 디테일이 돋보이는 스웨트셔츠와 트레이닝 팬츠를 매치하고 언더웨어를 더해 연출한 홈 웨어
32,오늘은 쉬는 날,./image/image_32.jpg,깔끔한 무드의 파자마 셋업과 언더웨어로 마무리한 홈 웨어
33,체크 포인트,./image/image_33.jpg,체크 패턴이 매력적인 파자마 팬츠와 후드 티셔츠를 코디하고 언더웨어로 완성한 홈 웨어
34,귀여운 집순이 룩,./image/image_34.jpg,플라워 패턴이 매력적인 파자마 셋업에 언더웨어를 더해 마무리한 홈 웨어
35,패턴 활용법,./image/image_35.jpg,스트라이프 패턴이 돋보이는 파자마 셋업에 언더웨어로 연출한 홈 웨어
36,언제 어디서나,./image/image_36.jpg,그래픽이 돋보이는 스웨트셔츠와 코튼 팬츠를 매치하고 스니커즈로 마무리한 캐주얼 룩
37,누구나 좋아해,./image/image_37.jpg,캐주얼 무드의 스웨트셔츠와 나일론 팬츠를 매치하고 백팩으로 마무리한 캐주얼 룩
38,취향 저격,./image/image_38.jpg,레터링이 돋보이는 후드 티셔츠와 코튼 팬츠를 매치하고 스니커즈로 연출한 캐주얼 룩
39,주말 데이트 룩,./image/image_39.jpg,부클 소재가 돋보이는 카디건과 데님 팬츠를 코디하고 토트백으로 완성한 댄디 룩
40,편한 게 최고야,./image/image_40.jpg,편안하게 입기 좋은 트레이닝 셋업과 트러커 재킷을 코디하고 볼캡으로 완성한 캐주얼 룩
41,깔끔한 포멀 룩,./image/image_41.jpg,깔끔한 실루엣의 블레이저 재킷과 슬랙스를 매치하고 브리프케이스로 마무리한 포멀 룩
42,이렇게 입어봐,./image/image_42.jpg,블루 컬러가 돋보이는 스타디움 재킷과 데님 팬츠를 코디하고 볼캡으로 완성한 캐주얼 룩
43,손이 가는 코디,./image/image_43.jpg,컬러 배색이 돋보이는 스타디움 재킷과 데님 팬츠를 코디하고 볼캡으로 완성한 캐주얼 룩
44,워너비 스타일,./image/image_44.jpg,컬러 배색이 돋보이는 블루종과 데님 팬츠를 매치하고 부츠로 마무리한 댄디 룩
45,힙 바이브,./image/image_45.jpg,그래픽이 돋보이는 스웨트셔츠와 카고 팬츠를 매치하고 스니커즈로 멋을 더한 스트릿 룩
46,요즘 아메카지 룩,./image/image_46.jpg,담백한 무드의 카디건과 벌룬 핏 팬츠를 코디하고 크로스 백을 더해 연출한 아메리칸 캐주얼 룩
47,캠퍼스 룩으로 딱!,./image/image_47.jpg,레터링이 돋보이는 후드 티셔츠와 데님 팬츠를 코디하고 스타디움 재킷으로 완성한 캐주얼 룩
48,포멀한 연출,./image/image_48.jpg,담백한 무드의 셔츠와 슬랙스를 코디하고 블레이저 재킷으로 연출한 포멀 룩
49,청청 패션,./image/image_49.jpg,로고 디테일이 돋보이는 스웨트셔츠와 데님 팬츠를 코디하고 트러커 재킷으로 완성한 캐주얼 룩
50,멋짐 가득,./image/image_50.jpg,담백한 무드의 니트와 데님 팬츠를 매치하고 부츠로 연출한 댄디 룩
51,실패 없는 코디,./image/image_51.jpg,로고 디테일이 돋보이는 후드 집업과 데님 팬츠를 코디하고 숄더백으로 연출한 캐주얼 룩
52,추천 캠퍼스 룩,./image/image_52.jpg,그래픽이 돋보이는 스웨트셔츠와 데님 팬츠를 코디하고 백팩으로 마무리한 캐주얼 룩
53,지금 입기 좋아,./image/image_53.jpg,캐주얼 무드의 스웨트셔츠와 데님 팬츠를 매치하고 후드 집업으로 완성한 캐주얼 룩
54,사랑스럽게!,./image/image_54.jpg,프릴 디테일이 돋보이는 니트와 미니스커트를 코디하고 베레와 숄더백을 더해 완성한 걸리시 룩
55,커리어 우먼,./image/image_55.jpg,깔끔한 실루엣의 셔츠와 핀턱 슬랙스를 매치하고 로퍼로 마무리한 포멀 룩
56,볼수록 예뻐,./image/image_56.jpg,크림 컬러의 볼레로 니트와 긴소매 티셔츠를 레이어드하고 미니스커트와 플랫 슈즈로 연출한 걸리시 룩
57,데일리 조합,./image/image_57.jpg,집업 디테일이 돋보이는 스웨트셔츠와 데님 팬츠를 코디하고 크로스 백으로 완성한 캐주얼 룩
58,담백한 연출,./image/image_58.jpg,심플한 무드가 돋보이는 블레이저 재킷과 슬랙스를 매치하고 로퍼로 연출한 포멀 룩
59,어디에나 어울려,./image/image_59.jpg,블루 컬러가 매력적인 니트 집업과 조거 팬츠를 코디하고 스니커즈로 마무리한 캐주얼 룩
60,세련된 스타일,./image/image_60.jpg,담백한 실루엣의 니트와 부츠 컷 팬츠를 매치하고 숄더백으로 마무리한 로맨틱 룩
61,요즘 캐주얼 룩,./image/image_61.jpg,컬러 배색이 돋보이는 스타디움 재킷과 데님 팬츠를 매치하고 비니로 마무리한 캐주얼 룩
62,꾸안꾸가 대세,./image/image_62.jpg,카키 컬러가 돋보이는 블루종과 데님 팬츠를 매치하고 백팩으로 연출한 캐주얼 룩
63,데일리 캐주얼,./image/image_63.jpg,그래픽이 돋보이는 스웨트셔츠와 조거 팬츠를 매치하고 크로스 백으로 마무리한 캐주얼 룩
64,하나로 끝내기,./image/image_64.jpg,로고 플레이가 돋보이는 트레이닝 셋업과 후드 집업을 매치하고 스니커즈로 마무리한 캐주얼 룩
65,즐겨 입는 스타일,./image/image_65.jpg,래글런 디자인이 돋보이는 후드 티셔츠와 데님 팬츠를 코디하고 스타디움 재킷으로 완성한 캐주얼 룩
66,자꾸만 눈이 가,./image/image_66.jpg,레드 컬러가 돋보이는 레이싱 재킷과 코튼 팬츠를 코디하고 스니커즈로 멋을 더한 스트릿 룩
67,센스 있어,./image/image_67.jpg,담백한 무드의 니트와 데님 팬츠를 매치하고 더비 슈즈로 마무리한 댄디 룩
68,단정한 오피스 룩,./image/image_68.jpg,단정한 무드의 블레이저 재킷과 슬랙스를 코디하고 토트백으로 완성한 포멀 룩
69,완벽한 매치,./image/image_69.jpg,로고 디테일이 매력적인 후드 티셔츠와 카고 팬츠를 코디하고 스니커즈로 완성한 캐주얼 룩
70,눈에 띄는 매치,./image/image_70.jpg,타이다이 패턴이 매력적인 트러커 재킷과 카고 팬츠를 매치하고 스니커즈로 멋을 더한 스트릿 룩
71,미니멀 댄디 룩,./image/image_71.jpg,레더 소재가 돋보이는 재킷과 데님 팬츠를 매치하고 부츠로 마무리한 댄디 룩
72,누구나 어울려,./image/image_72.jpg,캐주얼 무드가 돋보이는 스웨트셔츠와 데님 팬츠를 코디하고 백팩으로 완성한 캐주얼 룩
73,단정하고 깔끔하게,./image/image_73.jpg,베이지 컬러가 돋보이는 블레이저 재킷과 슬랙스를 셋업으로 코디하고 토트백으로 연출한 포멀 룩
74,꾸안꾸로 완성,./image/image_74.jpg,편하게 입기 좋은 스웨트셔츠와 트레이닝 팬츠를 매치하고 트러커 재킷으로 마무리한 캐주얼 룩
75,운동 가는 날,./image/image_75.jpg,활동하기 좋은 스웨트셔츠와 트레이닝 팬츠를 코디하고 더플백으로 완성한 스포츠 룩
76,편하게 입어봐,./image/image_76.jpg,캐주얼 무드의 후드 티셔츠와 숏 팬츠를 매치하고 볼캡을 더해 연출한 캐주얼 룩
77,손쉽게 멋 내기,./image/image_77.jpg,심벌 로고가 돋보이는 니트와 코튼 팬츠를 코디하고 스타디움 재킷을 더해 완성한 캐주얼 룩
78,캐주얼 무드,./image/image_78.jpg,편하게 입기 좋은 트레이닝 셋업과 스타디움 재킷을 매치하고 스니커즈로 마무리한 캐주얼 룩
79,끌리는 코디,./image/image_79.jpg,그린 컬러가 매력적인 스타디움 재킷과 부츠 컷 팬츠를 매치하고 스니커즈로 완성한 캐주얼 룩
80,데일리 스타일링,./image/image_80.jpg,캐주얼 무드의 후드 티셔츠와 데님 팬츠를 코디하고 크로스 백으로 마무리한 캐주얼 룩
81,고프코어가 대세,./image/image_81.jpg,로고 포인트의 후드 티셔츠와 카고 팬츠를 코디하고 트레킹화로 연출한 아웃도어 룩
82,고프코어 스타일,./image/image_82.jpg,그래픽이 매력적인 긴소매 티셔츠와 코튼 팬츠를 매치하고 캠프캡으로 마무리한 아웃도어 룩
83,활동성 보장,./image/image_83.jpg,아웃 포켓 디테일이 돋보이는 윈드브레이커와 나일론 팬츠를 코디하고 백팩을 더해 완성한 아웃도어 룩
84,나이스 샷!,./image/image_84.jpg,그레이 컬러의 스타디움 재킷과 부츠 컷 팬츠를 코디하고 캐디 백으로 마무리한 골프 룩
85,필드 위 패피,./image/image_85.jpg,라인 배색 디테일이 돋보이는 카디건과 스윙 팬츠를 매치하고 선 캡으로 완성한 골프 룩
86,골프 룩 추천,./image/image_86.jpg,컬러 배색 디테일이 돋보이는 니트와 미니스커트를 코디하고 아노락 재킷으로 연출한 골프 룩
87,색감에 반해,./image/image_87.jpg,오트밀 컬러가 돋보이는 스웨트셔츠와 플리츠스커트를 매치하고 토트백으로 마무리한 골프 룩
88,필드 나가는 날,./image/image_88.jpg,라인 배색 디테일이 돋보이는 니트와 부츠 컷 팬츠를 코디하고 블루종으로 완성한 골프 룩
89,꾸민 듯 안 꾸민 듯,./image/image_89.jpg,레터링이 돋보이는 스웨트셔츠와 코튼 팬츠를 매치하고 크로스 백으로 연출한 캐주얼 룩
90,손이 가는 코디,./image/image_90.jpg,컬러 배색이 돋보이는 스웨트셔츠와 데님 팬츠를 코디하고 메신저 백을 더해 마무리한 캐주얼 룩
91,추천 캠퍼스 룩,./image/image_91.jpg,편안하게 입기 좋은 항공 점퍼와 카고 팬츠를 매치하고 볼캡으로 완성한 캐주얼 룩
92,댄디한 멋,./image/image_92.jpg,미니멀한 무드의 블루종과 슬랙스를 코디하고 크로스 백으로 완성한 댄디 룩
93,뉴트럴 색감,./image/image_93.jpg,아웃 포켓 디테일이 돋보이는 헌팅 재킷과 벌룬 핏 팬츠를 매치하고 토트백을 더해 연출한 아메리칸 캐주얼 룩
94,캐주얼 무드,./image/image_94.jpg,편하게 입기 좋은 후드 집업과 카고 팬츠를 매치하고 백팩으로 마무리한 캐주얼 룩
95,편하게 완성,./image/image_95.jpg,레터링이 돋보이는 긴소매 티셔츠와 조거 팬츠를 코디하고 볼캡으로 포인트를 더한 캐주얼 룩
96,자꾸만 눈이 가,./image/image_96.jpg,그래픽이 돋보이는 후드 티셔츠와 카고 팬츠를 코디하고 비니와 스니커즈로 포인트를 더한 스트릿 룩
97,스타일리시해,./image/image_97.jpg,래글런 디자인이 매력적인 레더 재킷과 데님 팬츠를 매치하고 크로스 백으로 마무리한 댄디 룩
98,비즈니스맨,./image/image_98.jpg,깔끔한 실루엣의 블레이저 재킷과 슬랙스를 코디하고 더비 슈즈로 연출한 포멀 룩
99,캐주얼 골프 웨어,./image/image_99.jpg,로고 디테일이 돋보이는 스웨트셔츠와 조거 팬츠를 코디하고 스타디움 재킷으로 완성한 골프 룩
100,파스텔 코디,./image/image_100.jpg,레터링이 돋보이는 니트와 스윙 팬츠를 매치하고 블루종으로 마무리한 골프 룩
101,즐거운 라운딩,./image/image_101.jpg,귀여운 자수 디테일의 스웨트셔츠와 조거 팬츠를 코디하고 캐디 백으로 완성한 골프 룩
102,필드 위 멋쟁이,./image/image_102.jpg,로고 디테일이 돋보이는 스웨트셔츠와 스윙 팬츠를 매치하고 골프화로 마무리한 골프 룩
103,요즘 골프 룩,./image/image_103.jpg,컬러 배색이 돋보이는 스웨트셔츠와 조거 팬츠를 코디하고 코치 재킷으로 연출한 골프 룩
104,이렇게 입어봐!,./image/image_104.jpg,지퍼 디테일이 매력적인 블루종과 데님 팬츠를 코디하고 메신저 백을 더해 마무리한 캐주얼 룩
105,로고 포인트 코디,./image/image_105.jpg,로고 포인트의 후드 티셔츠와 트레이닝 팬츠를 매치하고 트러커 재킷으로 마무리한 캐주얼 룩
106,탐나는 캐주얼,./image/image_106.jpg,라인 배색 디테일이 돋보이는 니트 베스트와 셔츠를 레이어드하고 데님 팬츠와 스타디움 재킷을 더해 완성한 캐주얼 룩
107,꾸안꾸가 대세,./image/image_107.jpg,레터링 디테일이 돋보이는 트레이닝 팬츠와 스타디움 재킷을 매치하고 볼캡으로 연출한 캐주얼 룩
108,센스 만점,./image/image_108.jpg,그래픽이 돋보이는 스웨트셔츠와 코튼 팬츠를 매치하고 데님 블루종으로 완성한 캐주얼 룩
109,감각 있는 매치,./image/image_109.jpg,워싱 디테일이 매력적인 데님 팬츠와 니트를 코디하고 첼시 부츠로 연출한 댄디 룩
110,단정한 출근 룩,./image/image_110.jpg,단정한 실루엣의 블레이저 재킷과 슬랙스를 매치하고 브리프케이스를 더해 완성한 포멀 룩
111,힙하게 입자!,./image/image_111.jpg,스트라이프 패턴이 돋보이는 긴소매 티셔츠와 데님 팬츠를 코디하고 선글라스로 멋을 더한 스트릿 룩
112,주말 데이트 룩,./image/image_112.jpg,카라 디테일이 돋보이는 니트와 데님 팬츠를 매치하고 레더 재킷으로 마무리한 댄디 룩
113,담백하게 완성,./image/image_113.jpg,담백한 무드의 니트와 슬랙스를 코디하고 토트백으로 연출한 포멀 룩
114,데이트 가는 길,./image/image_114.jpg,담백한 무드가 돋보이는 니트와 슬랙스를 매치하고 블루종과 크로스 백을 더해 연출한 댄디 룩
115,캠퍼스 스타일링,./image/image_115.jpg,그래픽이 매력적인 스웨트셔츠와 데님 팬츠를 코디하고 백팩으로 완성한 캐주얼 룩
116,넘치는 에너지,./image/image_116.jpg,활동하기 좋은 스웨트셔츠와 카고 팬츠를 코디하고 캠프캡으로 완성한 아웃도어 룩
117,활동하기 좋아,./image/image_117.jpg,카키 컬러가 돋보이는 하프 집업과 조거 팬츠를 매치하고 등산화로 마무리한 아웃도어 룩
118,스포티 무드,./image/image_118.jpg,블루 컬러의 나일론 재킷과 스웨트셔츠를 코디하고 트레이닝 팬츠로 연출한 아웃도어 룩
119,등산 마니아,./image/image_119.jpg,컬러 배색이 돋보이는 나일론 재킷과 기능성 팬츠를 매치하고 비니로 마무리한 아웃도어 룩
120,추천 아웃도어 룩,./image/image_120.jpg,편하게 입기 좋은 코치 재킷과 기능성 팬츠를 코디하고 백팩으로 완성한 아웃도어 룩
121,매일 입을래,./image/image_121.jpg,래글런 디자인이 돋보이는 스웨트셔츠와 데님 팬츠를 매치하고 후드 집업으로 마무리한 캐주얼 룩
122,모두가 좋아해,./image/image_122.jpg,컬러 배색이 돋보이는 후드 티셔츠와 데님 팬츠를 매치하고 볼캡으로 완성한 캐주얼 룩
123,매력 있어,./image/image_123.jpg,그래픽이 돋보이는 스웨트셔츠와 데님 팬츠를 코디하고 크로스 백을 더해 연출한 캐주얼 룩
124,트위드의 계절,./image/image_124.jpg,트위드 소재가 돋보이는 블레이저 재킷과 슬랙스를 코디하고 토트백으로 완성한 포멀 룩
125,독보적 아우라,./image/image_125.jpg,로고 플레이가 돋보이는 스타디움 재킷과 카고 팬츠를 매치하고 백팩으로 포인트를 더한 스트릿 룩
126,꾸안꾸로 완성,./image/image_126.jpg,화사한 블루 컬러의 카디건과 데님 팬츠를 스타일링하고 에코 백으로 마무리한 캐주얼 룩
127,등산 가는 날,./image/image_127.jpg,활동하기 좋은 코치 재킷과 긴소매 티셔츠를 코디하고 기능성 팬츠로 마무리한 아웃도어 룩
128,편안한 활동,./image/image_128.jpg,집업 디테일이 돋보이는 긴소매 티셔츠와 기능성 팬츠를 매치하고 백팩을 더해 완성한 아웃도어 룩
129,등산이 좋아,./image/image_129.jpg,워싱 디테일이 돋보이는 스웨트셔츠와 기능성 팬츠를 코디하고 웨이스트 백으로 연출한 아웃도어 룩
130,활동성 UP!,./image/image_130.jpg,야외 활동에 용이한 나일론 재킷과 기능성 팬츠를 매치하고 트레킹화로 마무리한 아웃도어 룩
131,뉴트럴 톤의 매력,./image/image_131.jpg,베이지 컬러의 기능성 팬츠와 스웨트셔츠를 코디하고 코치 재킷으로 완성한 아웃도어 룩
132,귀여운 아메카지,./image/image_132.jpg,스트라이프 패턴이 매력적인 카디건과 롱스커트를 코디하고 베레를 더해 마무리한 아메리칸 캐주얼 룩
133,사랑스러워!,./image/image_133.jpg,핑크 컬러가 매력적인 카디건과 플리츠스커트를 코디하고 메리제인 슈즈로 마무리한 걸리시 룩
134,취향 저격,./image/image_134.jpg,컬러 배색이 돋보이는 니트 베스트와 셔츠를 레이어드하고 롱스커트와 크로스 백을 더해 연출한 아메리칸 캐주얼 룩
135,비가 와도 좋아,./image/image_135.jpg,깔끔하게 입기 좋은 니트와 데님 팬츠를 매치하고 레인 부츠로 마무리한 캐주얼 룩
136,따라 입어봐,./image/image_136.jpg,체크 패턴이 매력적인 셔츠와 롱스커트를 코디하고 카디건을 더해 완성한 아메리칸 캐주얼 룩
137,매력 뿜뿜,./image/image_137.jpg,로고 플레이가 돋보이는 후드 티셔츠와 데님 팬츠를 코디하고 스타디움 재킷으로 완성한 캐주얼 룩
138,아메카지의 매력,./image/image_138.jpg,헨리넥 디테일이 돋보이는 니트와 코튼 팬츠를 코디하고 헌팅 재킷으로 마무리한 아메리칸 캐주얼 룩
139,힙 감성 충만,./image/image_139.jpg,로고 포인트의 스웨트셔츠와 카고 팬츠를 매치하고 레더 재킷으로 멋을 더한 스트릿 룩
140,데일리 캐주얼,./image/image_140.jpg,레터링이 돋보이는 스웨트셔츠와 트레이닝 팬츠를 코디하고 트러커 재킷으로 마무리한 캐주얼 룩
141,러닝 뛰기 좋아,./image/image_141.jpg,컬러 배색이 돋보이는 나일론 재킷과 조거 팬츠를 매치하고 보스턴백으로 연출한 스포츠 룩
142,미니멀 댄디 룩,./image/image_142.jpg,담백한 무드가 돋보이는 니트와 데님 팬츠를 매치하고 블루종으로 마무리한 댄디 룩
143,요즘 입기 좋아,./image/image_143.jpg,레터링이 돋보이는 스웨트셔츠와 데님 팬츠를 코디하고 스타디움 재킷으로 완성한 캐주얼 룩
144,힙하게 입어봐,./image/image_144.jpg,컬러 배색이 돋보이는 스타디움 재킷과 데님 팬츠를 코디하고 볼캡으로 멋을 더한 스트릿 룩
145,하나로 완성,./image/image_145.jpg,편하게 입기 좋은 트레이닝 셋업과 트러커 재킷을 매치하고 에코 백으로 포인트를 더한 캐주얼 룩
146,차분한 이미지,./image/image_146.jpg,체크 패턴이 돋보이는 블레이저 셋업과 셔츠를 코디하고 더비 슈즈로 연출한 포멀 룩
147,눈에 띄는 멋,./image/image_147.jpg,유니크한 디자인이 돋보이는 데님 팬츠와 후드 티셔츠를 코디하고 스니커즈로 마무리한 스트릿 룩
148,매력적인 조합,./image/image_148.jpg,레터링이 돋보이는 후드 티셔츠와 코튼 팬츠를 코디하고 백팩으로 완성한 캐주얼 룩
149,스트릿 바이브,./image/image_149.jpg,심벌 로고 디테일이 돋보이는 긴소매 티셔츠와 코튼 팬츠를 매치하고 볼캡으로 연출한 스트릿 룩
150,추천하는 코디,./image/image_150.jpg,심벌 로고 디테일이 돋보이는 데님 팬츠와 스타디움 재킷을 매치하고 메신저 백을 더해 연출한 캐주얼 룩
151,남다른 디테일,./image/image_151.jpg,스티치 디테일이 돋보이는 트러커 재킷과 코튼 팬츠를 코디하고 스니커즈로 멋을 더한 스트릿 룩
152,느낌 있는 캐주얼,./image/image_152.jpg,래글런 디자인이 돋보이는 후드 티셔츠와 데님 팬츠를 코디하고 스니커즈로 완성한 캐주얼 룩
153,지금 입기 좋아,./image/image_153.jpg,레터링이 돋보이는 후드 티셔츠와 데님 팬츠를 매치하고 볼캡으로 마무리한 캐주얼 룩
154,지적인 분위기,./image/image_154.jpg,깔끔한 실루엣의 재킷과 부츠 컷 팬츠를 매치하고 숄더백을 더해 연출한 포멀 룩
155,스타일리시해,./image/image_155.jpg,컬러 배색이 돋보이는 카디건과 미니스커트를 코디하고 토트백으로 완성한 걸리시 룩
156,탐나는 조합,./image/image_156.jpg,레터링이 돋보이는 스웨트셔츠와 데님 팬츠를 매치하고 비니를 더해 마무리한 캐주얼 룩
157,파자마 파티,./image/image_157.jpg,스트라이프 패턴이 돋보이는 파자마 셋업과 언더웨어로 완성한 홈 웨어
158,편안한 하루,./image/image_158.jpg,로고 포인트의 스웨트셔츠와 미디스커트를 코디하고 언더웨어로 마무리한 홈 웨어
159,귀여운 집순이 룩,./image/image_159.jpg,프릴 디테일이 돋보이는 파자마 셋업과 언더웨어로 연출한 홈 웨어
160,오늘은 쉬는 날,./image/image_160.jpg,편하게 입기 좋은 스웨트셔츠와 트레이닝 팬츠를 코디하고 언더웨어로 마무리한 홈 웨어
161,집순이의 주말,./image/image_161.jpg,스트라이프 패턴이 돋보이는 파자마 셋업과 언더웨어로 완성한 홈 웨어
162,캠퍼스 룩으로 딱!,./image/image_162.jpg,귀여운 그래픽이 돋보이는 후드 티셔츠와 데님 팬츠를 코디하고 백팩으로 완성한 캐주얼 룩
163,언제나 손쉽게,./image/image_163.jpg,편하게 입기 좋은 후드 집업과 조거 팬츠를 매치하고 볼캡으로 마무리한 캐주얼 룩
164,데일리로 좋아,./image/image_164.jpg,레터링이 돋보이는 후드 티셔츠와 코튼 팬츠를 코디하고 볼캡을 더해 연출한 캐주얼 룩
165,심플한 포멀 룩,./image/image_165.jpg,단정한 실루엣의 블레이저 재킷과 슬랙스를 코디하고 브리프케이스로 완성한 포멀 룩
166,누구나 어울려,./image/image_166.jpg,그래픽이 돋보이는 스웨트셔츠와 데님 팬츠를 매치하고 블루종으로 마무리한 캐주얼 룩
167,시선 집중,./image/image_167.jpg,워싱 디테일이 돋보이는 데님 팬츠와 블루종을 코디하고 선글라스로 멋을 더한 스트릿 룩
168,출근하는 길,./image/image_168.jpg,담백한 무드의 니트와 핀턱 슬랙스를 매치하고 블레이저 재킷으로 연출한 포멀 룩
169,운동 가자,./image/image_169.jpg,활동하기 좋은 트레이닝 셋업과 패딩 베스트를 코디하고 러닝화로 완성한 스포츠 룩
170,추천 데이트 룩,./image/image_170.jpg,미니멀한 실루엣의 니트와 테이퍼드 핏 팬츠를 코디하고 클러치 백을 더해 완성한 댄디 룩
171,그래픽 디테일,./image/image_171.jpg,그래픽이 돋보이는 스웨트셔츠와 데님 팬츠를 매치하고 스니커즈로 연출한 캐주얼 룩
172,실패 없는 코디,./image/image_172.jpg,로고 포인트의 후드 티셔츠와 데님 팬츠를 코디하고 블루종으로 완성한 캐주얼 룩
173,꾸민 듯 안 꾸민 듯,./image/image_173.jpg,컬러 배색이 돋보이는 스웨트셔츠와 조거 팬츠를 매치하고 비니로 마무리한 캐주얼 룩
174,사랑스러워,./image/image_174.jpg,플리츠 디테일이 돋보이는 미니스커트와 니트를 매치하고 숄더백으로 마무리한 걸리시 룩
175,힙한 디테일,./image/image_175.jpg,레터링 디테일이 돋보이는 스웨트셔츠와 데님 팬츠를 코디하고 레더 재킷으로 멋을 더한 스트릿 룩
176,로맨틱 무드,./image/image_176.jpg,컷아웃 디테일이 돋보이는 니트와 플리츠스커트를 코디하고 숄더백으로 연출한 로맨틱 룩
177,데일리로 딱!,./image/image_177.jpg,편안하게 입기 좋은 후드 티셔츠와 데님 팬츠를 코디하고 스니커즈로 포인트를 더한 캐주얼 룩
178,지적인 분위기,./image/image_178.jpg,핀턱 디테일이 돋보이는 슬랙스와 카디건을 코디하고 크로스 백으로 연출한 포멀 룩
179,스타일 뽐내기,./image/image_179.jpg,포근한 무드의 니트 집업과 데님 팬츠를 코디하고 숄더백으로 완성한 캐주얼 룩
180,따뜻한 색감,./image/image_180.jpg,깔끔한 무드의 니트와 슬랙스를 매치하고 로퍼를 더해 완성한 포멀 룩
181,어디에나 어울려,./image/image_181.jpg,아웃 포켓 디테일이 돋보이는 트러커 재킷과 코튼 팬츠를 매치하고 크로스 백으로 마무리한 캐주얼 룩
182,데일리로 합격,./image/image_182.jpg,로고 플레이가 돋보이는 스타디움 재킷과 데님 팬츠를 코디하고 캠프캡으로 완성한 캐주얼 룩
183,요즘 캐주얼 룩,./image/image_183.jpg,스티치 디테일이 돋보이는 데님 팬츠와 바시티 재킷을 코디하고 스니커즈로 마무리한 캐주얼 룩
184,따라 입고 싶어,./image/image_184.jpg,레터링이 돋보이는 스웨트셔츠와 벌룬 핏 팬츠를 매치하고 크로스 백으로 연출한 캐주얼 룩
185,댄디 연출법,./image/image_185.jpg,깔끔한 실루엣의 케이블 니트와 데님 팬츠를 매치하고 크로스 백으로 마무리한 댄디 룩
186,스트릿 바이브,./image/image_186.jpg,체크 패턴이 매력적인 트러커 재킷과 카고 팬츠를 코디하고 비니로 연출한 스트릿 룩
187,편하게 즐겨봐,./image/image_187.jpg,로고 포인트의 후드 티셔츠와 스웨트 팬츠를 코디하고 볼캡으로 완성한 캐주얼 룩
188,눈에 띄는 매치,./image/image_188.jpg,워싱 디테일이 돋보이는 데님 팬츠와 레더 재킷을 매치하고 크로스 백으로 멋을 더한 스트릿 룩
189,활동성 UP!,./image/image_189.jpg,테이퍼드 핏의 코튼 팬츠와 스웨트셔츠를 코디하고 나일론 재킷으로 완성한 아웃도어 룩
190,일상 고프코어 룩,./image/image_190.jpg,블루 컬러가 매력적인 코치 재킷과 조거 팬츠를 매치하고 베스트로 마무리한 아웃도어 룩
191,고프코어가 대세,./image/image_191.jpg,컬러 배색이 돋보이는 재킷과 퍼티그 팬츠를 코디하고 백팩으로 연출한 아웃도어 룩
192,언제 어디서나,./image/image_192.jpg,캐주얼한 무드의 데님 블루종과 코튼 팬츠를 코디하고 스니커즈로 완성한 캐주얼 룩
193,레더 재킷의 계절,./image/image_193.jpg,담백한 무드의 레더 재킷과 데님 팬츠를 코디하고 첼시 부츠로 완성한 댄디 룩
194,캠퍼스 룩으로 딱!,./image/image_194.jpg,아웃 포켓 디테일이 돋보이는 트러커 재킷과 데님 팬츠를 매치하고 볼캡으로 마무리한 캐주얼 룩
195,단정하고 깔끔하게,./image/image_195.jpg,핀턱 디테일이 돋보이는 슬랙스와 블레이저 재킷을 매치하고 토트백을 더해 연출한 포멀 룩
196,찰떡 조합,./image/image_196.jpg,편하게 입기 좋은 후드 집업과 데님 팬츠를 매치하고 볼캡으로 연출한 캐주얼 룩
197,디테일 더하기,./image/image_197.jpg,스트라이프 패턴이 돋보이는 니트와 데님 팬츠를 매치하고 크로스 백으로 완성한 캐주얼 룩
198,로맨틱 감성,./image/image_198.jpg,플리츠 디테일이 돋보이는 미디스커트와 니트를 코디하고 트위드 재킷으로 마무리한 로맨틱 룩
199,아웃도어 룩 추천,./image/image_199.jpg,집업 디테일이 돋보이는 스웨트셔츠와 코튼 팬츠를 코디하고 코치 재킷으로 연출한 아웃도어 룩
200,고프코어 룩,./image/image_200.jpg,집업 디테일이 돋보이는 스웨트셔츠와 롱스커트를 매치하고 볼캡으로 마무리한 아웃도어 룩
201,대세 스타일링,./image/image_201.jpg,활동하기 좋은 스웨트셔츠와 카고 팬츠를 코디하고 백팩으로 완성한 아웃도어 룩
202,골프 웨어 추천,./image/image_202.jpg,그래픽 프린팅이 매력적인 스웨트셔츠와 스윙 팬츠를 코디하고 볼캡으로 완성한 골프 룩
203,센스 있게!,./image/image_203.jpg,컬러 배색이 돋보이는 블루종과 플리츠스커트를 매치하고 장갑을 더해 연출한 골프 룩
204,전문가 포스,./image/image_204.jpg,라인 배색 디테일이 돋보이는 스웨트셔츠와 스윙 팬츠를 코디하고 볼캡으로 마무리한 골프 룩
205,오늘의 라운딩 룩,./image/image_205.jpg,그린 컬러가 돋보이는 봄버 재킷과 부츠 컷 팬츠를 매치하고 골프화로 연출한 골프 룩
206,나이스 샷!,./image/image_206.jpg,자수 디테일이 돋보이는 스웨트셔츠와 플리츠스커트를 코디하고 카디건으로 완성한 골프 룩
207,데일리 웨어,./image/image_207.jpg,레터링 디테일이 돋보이는 후드 티셔츠와 데님 팬츠를 코디하고 블루종으로 완성한 캐주얼 룩
208,탐나는 코디,./image/image_208.jpg,체크 패턴이 돋보이는 셔츠와 코튼 팬츠를 매치하고 비니로 마무리한 아메리칸 캐주얼 룩
209,유니크한 매치,./image/image_209.jpg,그린 컬러가 돋보이는 스웨트셔츠와 카고 팬츠를 코디하고 스니커즈로 멋을 더한 스트릿 룩
210,하나로 완성,./image/image_210.jpg,로고 디테일이 돋보이는 트레이닝 셋업과 바시티 재킷을 매치하고 스니커즈로 마무리한 캐주얼 룩
211,매력적이야,./image/image_211.jpg,브라운 컬러가 돋보이는 블루종과 니트를 코디하고 데님 팬츠로 연출한 댄디 룩
212,찰떡 조합,./image/image_212.jpg,카키 컬러가 돋보이는 스웨트셔츠와 카고 팬츠를 코디하고 블루종으로 완성한 캐주얼 룩
213,개성 넘쳐,./image/image_213.jpg,그래픽이 돋보이는 후드 티셔츠와 레더 팬츠를 매치하고 스니커즈로 멋을 더한 스트릿 룩
214,출근 룩으로 제격,./image/image_214.jpg,네이비 컬러의 니트 베스트와 셔츠를 레이어드하고 슬랙스로 연출한 포멀 룩
215,따라 입기 쉬워,./image/image_215.jpg,로고 포인트의 후드 티셔츠와 트레이닝 팬츠를 코디하고 퀼팅 베스트로 마무리한 캐주얼 룩
216,운동 가자!,./image/image_216.jpg,활동하기 좋은 스웨트셔츠와 아노락 셋업을 매치하고 러닝화로 완성한 스포츠 룩
217,깔끔하게 완성,./image/image_217.jpg,짜임 디테일이 돋보이는 니트와 카고 팬츠를 매치하고 카디건을 더해 연출한 골프 룩
218,완벽한 스윙,./image/image_218.jpg,활동하기 편안한 카고 팬츠와 스웨트셔츠를 코디하고 버킷햇으로 마무리한 골프 룩
219,골프 홀릭,./image/image_219.jpg,편안하게 입기 좋은 카고 팬츠와 나일론 재킷을 매치하고 볼캡으로 완성한 골프 룩
220,트렌디한 조합,./image/image_220.jpg,로고 디테일이 돋보이는 스웨트셔츠와 스윙 팬츠를 매치하고 스타디움 재킷으로 연출한 골프 룩
221,필드 위 주인공,./image/image_221.jpg,가볍게 활동하기 좋은 나일론 재킷과 스윙 팬츠를 코디하고 캐디 백을 더해 마무리한 골프 룩
222,데일리로 제격,./image/image_222.jpg,그린 컬러가 돋보이는 스타디움 재킷과 데님 팬츠를 코디하고 에코 백으로 완성한 캐주얼 룩
223,힙하게 입어봐,./image/image_223.jpg,절개 디테일이 돋보이는 데님 팬츠와 스웨트셔츠를 매치하고 스니커즈로 멋을 더한 스트릿 룩
224,깔끔하게 완성,./image/image_224.jpg,집업 디테일이 돋보이는 니트와 데님 팬츠를 코디하고 울 블루종으로 마무리한 댄디 룩
225,언제 어디서나,./image/image_225.jpg,캐주얼 무드의 후드 티셔츠와 조거 팬츠를 매치하고 크로스 백으로 완성한 캐주얼 룩
226,출근 룩으로 딱!,./image/image_226.jpg,아이보리 컬러의 니트 베스트와 셔츠를 레이어드하고 슬랙스와 더비 슈즈로 연출한 포멀 룩
227,누구나 좋아해,./image/image_227.jpg,캐주얼 무드의 후드 티셔츠와 데님 팬츠를 코디하고 스타디움 재킷으로 완성한 캐주얼 룩
228,눈에 띄는 매치,./image/image_228.jpg,로고 포인트의 후드 티셔츠와 카고 팬츠를 매치하고 스니커즈로 멋을 더한 스트릿 룩
229,차분한 이미지,./image/image_229.jpg,깔끔한 실루엣의 블레이저 재킷과 니트를 코디하고 슬랙스로 연출한 포멀 룩
230,마음에 들어!,./image/image_230.jpg,로고가 돋보이는 스웨트셔츠와 트레이닝 팬츠를 매치하고 블루종으로 마무리한 캐주얼 룩
231,요즘 스포티 룩,./image/image_231.jpg,집업 디테일이 돋보이는 아노락 셋업과 윈드브레이커를 코디하고 스니커즈로 완성한 스포츠 룩
232,담백하게,./image/image_232.jpg,담백한 무드의 니트와 슬랙스를 매치한 후 블레이저와 더비 슈즈를 더해 연출한 포멀 룩
233,요즘 입기 좋아,./image/image_233.jpg,캐주얼하게 입기 좋은 블루종과 데님 팬츠를 코디하고 숄더백으로 마무리한 캐주얼 룩
234,넘치는 에너지,./image/image_234.jpg,활동하기 좋은 아노락 셋업과 나일론 재킷을 매치하고 웨이스트 백을 더해 연출한 스포츠 룩
235,스포티해,./image/image_235.jpg,활동하기 편안한 코치 재킷과 카고 팬츠를 코디하고 러닝화로 마무리한 스포츠 룩
236,러닝 가기 좋은 날,./image/image_236.jpg,편안하게 입기 좋은 조거 팬츠와 트레이닝 재킷을 매치하고 슬링 백으로 완성한 스포츠 룩
237,활동성 UP!,./image/image_237.jpg,컬러 배색이 돋보이는 나일론 재킷과 조거 팬츠를 코디하고 러닝화로 마무리한 스포츠 룩
238,러닝 데이,./image/image_238.jpg,집업 디테일이 돋보이는 스웨트셔츠와 조거 팬츠를 매치하고 볼캡을 더해 연출한 스포츠 룩
239,실패 없는 코디,./image/image_239.jpg,레터링 디테일이 돋보이는 후드 티셔츠와 트레이닝 팬츠를 매치하고 볼캡으로 마무리한 캐주얼 룩
240,취향 저격,./image/image_240.jpg,화사한 블루 컬러가 돋보이는 니트와 미니스커트를 코디하고 스타디움 재킷으로 멋을 더한 걸리시 룩
241,우아한 실루엣,./image/image_241.jpg,따뜻한 색감이 돋보이는 트위드 재킷과 미디 원피스를 매치하고 숄더백으로 마무리한 로맨틱 룩
242,데일리로 좋아,./image/image_242.jpg,로고 포인트의 후드 티셔츠와 데님 스커트를 코디하고 블루종으로 완성한 캐주얼 룩
243,지적인 분위기,./image/image_243.jpg,깔끔한 실루엣의 니트와 부츠 컷 슬랙스를 매치하고 숄더백으로 연출한 포멀 룩
244,꾸안꾸의 정석,./image/image_244.jpg,그래픽이 돋보이는 후드 티셔츠와 데님 팬츠를 코디하고 볼캡으로 완성한 캐주얼 룩
245,즐거운 러닝,./image/image_245.jpg,컬러 배색이 돋보이는 아노락 재킷과 레깅스를 코디하고 볼캡을 더해 연출한 스포츠 룩
246,운동 가자,./image/image_246.jpg,심벌 로고가 돋보이는 스웨트셔츠와 트레이닝 팬츠를 매치하고 토트백으로 마무리한 스포츠 룩
247,스포티 무드,./image/image_247.jpg,활동하기 좋은 조거 팬츠와 트레이닝 재킷을 코디하고 볼캡을 더해 연출한 스포츠 룩
248,한강 달리기,./image/image_248.jpg,따뜻하게 입기 좋은 플리스와 조거 팬츠를 매치하고 러닝화로 완성한 스포츠 룩
249,활동하기 좋아,./image/image_249.jpg,레터링 디테일이 돋보이는 스웨트셔츠와 조거 팬츠를 매치하고 웨이스트 백으로 마무리한 스포츠 룩
250,추천 캠퍼스 룩,./image/image_250.jpg,로고 플레이가 돋보이는 후드 티셔츠와 데님 팬츠를 매치하고 볼캡으로 연출한 캐주얼 룩
251,찰떡 조합,./image/image_251.jpg,컬러 배색이 돋보이는 스타디움 재킷과 데님 팬츠를 코디하고 백팩을 더해 완성한 캐주얼 룩
252,아메카지의 매력,./image/image_252.jpg,올리브그린 컬러가 돋보이는 헌팅 재킷과 코튼 팬츠를 코디하고 스니커즈로 완성한 아메리칸 캐주얼 룩
253,편안하게,./image/image_253.jpg,편안하게 입기 좋은 트레이닝 팬츠와 후드 티셔츠를 매치하고 스니커즈로 마무리한 캐주얼 룩
254,멋스럽게 출근,./image/image_254.jpg,깔끔한 실루엣의 셔츠와 니트 베스트를 레이어드하고 슬랙스와 블레이저로 마무리한 포멀 룩
255,이렇게 입어봐,./image/image_255.jpg,레터링 디테일이 돋보이는 스웨트셔츠와 데님 팬츠를 코디하고 스타디움 재킷을 더해 연출한 캐주얼 룩
256,데일리 무드,./image/image_256.jpg,캐주얼하게 입기 좋은 후드 티셔츠와 카고 팬츠를 매치하고 스니커즈로 마무리한 캐주얼 룩
257,추천 아웃도어 룩,./image/image_257.jpg,로고 디테일이 돋보이는 긴소매 티셔츠와 나일론 팬츠를 코디하고 윈드브레이커로 연출한 아웃도어 룩
258,고프코어 스타일,./image/image_258.jpg,활동하기 좋은 코튼 팬츠와 스웨트셔츠를 매치하고 백팩으로 마무리한 아웃도어 룩
259,활동하기 좋아,./image/image_259.jpg,컬러 배색이 돋보이는 후드 티셔츠와 카고 팬츠를 코디하고 캠프캡을 더해 완성한 아웃도어 룩
260,요즘 캐주얼 룩,./image/image_260.jpg,자수 디테일이 돋보이는 스웨트셔츠와 워크 팬츠를 코디하고 백팩으로 완성한 캐주얼 룩
261,컬러감에 반해,./image/image_261.jpg,핑크 컬러가 돋보이는 워크 팬츠와 스웨트셔츠를 매치하고 캠프캡으로 포인트를 더한 캐주얼 룩
262,데일리 아메카지,./image/image_262.jpg,체크 패턴이 돋보이는 셔츠와 코튼 팬츠를 코디하고 워크 재킷과 비니를 더해 연출한 아메리칸 캐주얼 룩
263,가볍게 꾸며봐,./image/image_263.jpg,레터링 디테일이 돋보이는 후드 티셔츠와 조거 팬츠를 매치하고 비니로 포인트를 더한 캐주얼 룩
264,디테일이 돋보여!,./image/image_264.jpg,네이비 컬러의 스웨트셔츠와 체크 셔츠를 레이어드하고 데님 팬츠와 비니로 완성한 캐주얼 룩
265,바시티 재킷의 계절,./image/image_265.jpg,캐주얼하게 입기 좋은 스타디움 재킷과 부츠 컷 팬츠를 코디하고 크로스 백으로 완성한 캐주얼 룩
266,귀여운 조합,./image/image_266.jpg,로고 프린팅이 돋보이는 스웨트셔츠와 데님 스커트를 매치하고 버킷햇을 더해 연출한 캐주얼 룩
267,탐나는 스타일,./image/image_267.jpg,그래픽이 돋보이는 긴소매 티셔츠와 플리츠스커트를 코디하고 숄더백을 더해 연출한 걸리시 룩
268,매일 입을래,./image/image_268.jpg,래글런 디자인이 돋보이는 레더 재킷과 데님 팬츠를 코디하고 스니커즈로 마무리한 캐주얼 룩
269,우아한 실루엣,./image/image_269.jpg,깔끔한 실루엣의 트위드 재킷과 롱스커트를 매치하고 부츠로 완성한 로맨틱 룩
270,실패 없는 코디,./image/image_270.jpg,로고 디테일이 매력적인 카디건과 롱스커트를 코디하고 스니커즈로 포인트를 더한 캐주얼 룩
271,취향 저격,./image/image_271.jpg,컬러 배색이 돋보이는 후드 집업과 긴소매 티셔츠를 레이어드하고 미니스커트와 부츠로 완성한 걸리시 룩
272,요즘 힙 감성,./image/image_272.jpg,컬러 배색이 매력적인 바이커 재킷과 트레이닝 셋업을 매치하고 숄더백으로 멋을 더한 스트릿 룩
273,스타일리시해,./image/image_273.jpg,스트라이프 패턴이 돋보이는 베스트와 미니스커트를 셋업으로 코디한 후 데님 재킷으로 마무리한 걸리시 룩
274,시선 집중,./image/image_274.jpg,컬러 배색이 돋보이는 후드 집업과 데님 팬츠를 코디하고 레더 재킷으로 연출한 스트릿 룩
275,실패 없는 코디,./image/image_275.jpg,레터링이 돋보이는 스웨트셔츠와 데님 팬츠를 코디하고 스타디움 재킷으로 완성한 캐주얼 룩
276,귀여운 매력,./image/image_276.jpg,컬러 배색이 돋보이는 스웨이드 재킷과 미니스커트를 매치하고 베레로 멋을 더한 걸리시 룩
277,담백한 출근 룩,./image/image_277.jpg,트위드 소재가 돋보이는 재킷과 슬랙스를 코디하고 숄더백으로 연출한 포멀 룩
278,감각 있어,./image/image_278.jpg,캐주얼 무드의 니트와 데님 팬츠를 코디하고 숄더백으로 완성한 캐주얼 룩
279,로맨틱한 하루,./image/image_279.jpg,리본 디테일이 매력적인 미니 원피스와 카디건을 매치하고 숄더백으로 연출한 로맨틱 룩
280,하나로 완성,./image/image_280.jpg,스트라이프 패턴의 파자마 셋업에 언더웨어를 더해 연출한 홈 웨어
281,편안한 무드,./image/image_281.jpg,레터링 디테일이 돋보이는 스웨트셔츠와 롱스커트를 매치하고 언더웨어를 더해 완성한 홈 웨어
282,오늘은 쉬는 날,./image/image_282.jpg,귀여운 그래픽이 매력적인 스웨트셔츠와 조거 팬츠를 코디하고 언더웨어로 마무리한 홈 웨어
283,집콕이 좋아,./image/image_283.jpg,플라워 패턴이 돋보이는 파자마 셋업에 언더웨어를 더해 연출한 홈 웨어
284,화사한 주말,./image/image_284.jpg,화사한 라벤더 컬러가 돋보이는 파자마 셋업에 언더웨어로 완성한 홈 웨어
285,데일리 룩 추천,./image/image_285.jpg,로고 프린팅이 돋보이는 스웨트셔츠와 데님 팬츠를 코디하고 블루종으로 완성한 캐주얼 룩
286,힙한 무드,./image/image_286.jpg,핀턱 디테일이 돋보이는 팬츠와 니트를 매치하고 바이커 재킷으로 멋을 더한 스트릿 룩
287,매력 만점,./image/image_287.jpg,워싱 디테일이 매력적인 데님 팬츠와 니트를 코디하고 레더 재킷으로 연출한 댄디 룩
288,꾸안꾸가 대세,./image/image_288.jpg,레터링 디테일이 돋보이는 스웨트셔츠와 데님 팬츠를 매치하고 백팩으로 마무리한 캐주얼 룩
289,독보적인 개성,./image/image_289.jpg,그래픽 프린팅이 돋보이는 후드 티셔츠와 카고 팬츠를 매치하고 볼캡으로 완성한 스트릿 룩
290,캐주얼한 조합,./image/image_290.jpg,캐주얼 무드의 스웨트셔츠와 데님 팬츠를 코디하고 바시티 재킷으로 완성한 캐주얼 룩
291,지적인 이미지,./image/image_291.jpg,깔끔한 실루엣의 블레이저 재킷과 핀턱 슬랙스를 코디하고 브리프케이스로 연출한 포멀 룩
292,따라 입고 싶어,./image/image_292.jpg,버건디 컬러가 매력적인 후드 티셔츠와 스웨트 팬츠를 매치하고 슬링 백으로 연출한 캐주얼 룩
293,요즘 입기 딱!,./image/image_293.jpg,워싱 디테일이 돋보이는 데님 팬츠와 스웨트셔츠를 매치하고 스타디움 재킷으로 연출한 캐주얼 룩
294,타이다이의 매력,./image/image_294.jpg,타이다이 패턴이 매력적인 윈드브레이커와 데님 팬츠를 코디하고 패딩 베스트를 더해 연출한 스트릿 룩
295,손이 가는 코디,./image/image_295.jpg,로고 프린팅이 돋보이는 후드 티셔츠와 데님 팬츠를 코디하고 비니로 마무리한 캐주얼 룩
296,뉴트럴 톤 스타일링,./image/image_296.jpg,깔끔한 실루엣의 니트와 데님 팬츠를 매치하고 블루종과 더비 슈즈를 더해 완성한 댄디 룩
297,누구나 도전 가능,./image/image_297.jpg,래글런 디자인이 돋보이는 후드 티셔츠와 데님 팬츠를 코디하고 패딩 베스트를 더해 완성한 캐주얼 룩
298,지금 입기 좋아,./image/image_298.jpg,로고가 돋보이는 후드 티셔츠와 조거 팬츠를 코디하고 백팩으로 완성한 캐주얼 룩
299,포멀한 연출,./image/image_299.jpg,담백한 무드의 니트와 셔츠를 레이어드하고 슬랙스와 울 코트로 연출한 포멀 룩
300,탁월한 매치,./image/image_300.jpg,래글런 디자인이 돋보이는 스웨트셔츠와 데님 팬츠를 매치하고 크로스 백으로 완성한 캐주얼 룩
301,매력에 풍덩!,./image/image_301.jpg,스트라이프 패턴이 돋보이는 긴소매 티셔츠와 플리츠스커트를 코디하고 숄더백으로 완성한 걸리시 룩
302,데일리 조합,./image/image_302.jpg,그래픽이 돋보이는 스웨트셔츠와 데님 팬츠를 코디하고 스니커즈로 마무리한 캐주얼 룩
303,단정한 스타일,./image/image_303.jpg,단정한 실루엣의 블레이저 재킷과 슬랙스를 매치하고 로퍼를 더해 연출한 포멀 룩
304,꾸안꾸 패션,./image/image_304.jpg,퀼팅 디테일이 돋보이는 재킷과 코튼 팬츠를 코디하고 버킷햇을 더해 연출한 캐주얼 룩
305,센스 만점,./image/image_305.jpg,플리츠 디테일이 돋보이는 미니스커트와 크롭 니트를 매치하고 트러커 재킷으로 마무리한 걸리시 룩
306,꾸민 듯 안 꾸민 듯,./image/image_306.jpg,집업 디테일이 돋보이는 니트와 데님 팬츠를 코디하고 버킷햇을 더해 완성한 캐주얼 룩
307,분위기에 반해,./image/image_307.jpg,간결한 무드의 카디건과 미디스커트를 코디하고 피코트로 연출한 로맨틱 룩
308,편한 게 최고야,./image/image_308.jpg,편하게 입기 좋은 후드 티셔츠와 트레이닝 팬츠를 매치하고 에코 백으로 연출한 캐주얼 룩
309,깔끔한 포멀 룩,./image/image_309.jpg,단정한 무드의 니트와 슬랙스를 코디하고 로퍼로 마무리한 포멀 룩
310,누구나 어울려,./image/image_310.jpg,컬러 배색이 돋보이는 스타디움 재킷과 데님 팬츠를 코디하고 볼캡으로 마무리한 캐주얼 룩
311,데이트 가는 길,./image/image_311.jpg,올리브그린 컬러가 돋보이는 니트와 데님 팬츠를 코디하고 웨스턴 부츠로 연출한 댄디 룩
312,따라 입어봐,./image/image_312.jpg,레터링이 돋보이는 스웨트셔츠와 카고 팬츠를 매치하고 스니커즈로 완성한 캐주얼 룩
313,깔끔한 조합,./image/image_313.jpg,미니멀한 실루엣의 니트와 핀턱 슬랙스를 매치하고 블레이저 재킷을 더해 완성한 포멀 룩
314,캠퍼스 코디로 딱!,./image/image_314.jpg,편하게 입기 좋은 후드 티셔츠와 데님 팬츠를 코디하고 백팩을 더해 마무리한 캐주얼 룩
315,워너비 코디,./image/image_315.jpg,컬러 배색이 돋보이는 스타디움 재킷과 데님 팬츠를 매치하고 크로스 백으로 마무리한 캐주얼 룩
316,추천 데이트 룩,./image/image_316.jpg,깔끔한 실루엣의 니트와 데님 팬츠를 코디하고 앵클부츠로 마무리한 댄디 룩
317,즐겨 입는 스타일,./image/image_317.jpg,레터링이 돋보이는 스웨트셔츠와 카고 팬츠를 코디하고 볼캡으로 완성한 캐주얼 룩
318,힙한 매력,./image/image_318.jpg,유니크한 그래픽이 돋보이는 긴소매 티셔츠와 카고 팬츠를 매치하고 레더 베스트로 멋을 더한 스트릿 룩
319,손쉽게 완성,./image/image_319.jpg,로고 포인트의 후드 티셔츠와 스웨트 팬츠를 매치하고 백팩으로 연출한 캐주얼 룩
320,스타일리시해,./image/image_320.jpg,담백한 무드의 케이블 니트와 데님 팬츠를 매치하고 레더 재킷으로 마무리한 댄디 룩
321,데님 연출법,./image/image_321.jpg,캐주얼 무드의 트러커 재킷과 데님 팬츠를 셋업으로 코디하고 볼캡으로 완성한 캐주얼 룩
322,멋스럽게 출근,./image/image_322.jpg,따뜻한 색감이 돋보이는 니트와 셔츠를 레이어드하고 핀턱 슬랙스와 블레이저로 연출한 포멀 룩
323,편하게 즐겨봐,./image/image_323.jpg,카라 디테일이 돋보이는 스웨트셔츠와 조거 팬츠를 코디하고 스니커즈로 포인트를 더한 캐주얼 룩
324,러닝 메이트,./image/image_324.jpg,컬러 배색이 돋보이는 트랙 재킷과 조거 팬츠를 매치하고 피트니스화로 완성한 스포츠 룩
325,꿀 조합 추천,./image/image_325.jpg,워싱 디테일이 매력적인 데님 팬츠와 스웨트셔츠를 매치하고 스니커즈로 포인트를 더한 캐주얼 룩
326,볼수록 예뻐!,./image/image_326.jpg,플리츠 디테일이 돋보이는 미니스커트와 셔츠를 매치하고 로퍼를 더해 완성한 걸리시 룩
327,데일리로 좋아,./image/image_327.jpg,로고 디테일이 돋보이는 후드 티셔츠와 데님 팬츠를 코디하고 스니커즈로 마무리한 캐주얼 룩
328,담백한 연출,./image/image_328.jpg,단정한 실루엣의 니트와 슬랙스를 코디하고 토트백으로 마무리한 포멀 룩
329,귀여운 매력,./image/image_329.jpg,플라워 그래픽이 돋보이는 스웨트셔츠와 롱스커트를 코디하고 버킷햇을 더해 연출한 캐주얼 룩
330,골프 룩 추천,./image/image_330.jpg,플리츠 디테일이 돋보이는 미니스커트와 니트를 코디하고 패딩 베스트로 완성한 골프 룩
331,오늘의 라운딩 룩,./image/image_331.jpg,포근한 무드가 돋보이는 니트와 스윙 팬츠를 매치하고 캐디 백으로 마무리한 골프 룩
332,이렇게 입어봐!,./image/image_332.jpg,브라운 컬러가 돋보이는 플리츠스커트와 스웨트셔츠를 코디하고 스타디움 재킷으로 연출한 골프 룩
333,골프 룩도 캐주얼하게!,./image/image_333.jpg,레터링이 돋보이는 스웨트셔츠와 조거 팬츠를 매치하고 토트백으로 마무리한 골프 룩
334,나이스 샷!,./image/image_334.jpg,캐주얼 무드의 후드 집업과 스윙 팬츠를 코디하고 골프화로 완성한 골프 룩
335,손이 가는 코디,./image/image_335.jpg,컬러 배색이 매력적인 스타디움 재킷과 데님 팬츠를 매치하고 볼캡으로 포인트를 더한 캐주얼 룩
336,탐나는 연출,./image/image_336.jpg,코듀로이 소재가 돋보이는 벌룬 핏 팬츠와 니트를 매치하고 토트백을 더해 연출한 아메리칸 캐주얼 룩
337,언제 어디서나,./image/image_337.jpg,퀼팅 디테일이 돋보이는 숏 패딩과 데님 팬츠를 코디하고 스니커즈로 마무리한 캐주얼 룩
338,단정한 오피스 룩,./image/image_338.jpg,깔끔한 실루엣의 셔츠와 니트 베스트를 레이어드하고 슬랙스와 더비 슈즈로 완성한 포멀 룩
339,편해 보여,./image/image_339.jpg,편하게 입기 좋은 트레이닝 셋업과 비니를 코디하고 백팩으로 연출한 캐주얼 룩
340,캐주얼의 정석,./image/image_340.jpg,레터링 디테일이 돋보이는 스웨트셔츠와 데님 팬츠를 매치하고 스타디움 재킷으로 연출한 캐주얼 룩
341,추천 데이트 룩,./image/image_341.jpg,미니멀한 디자인의 울 블루종과 데님 팬츠를 코디하고 첼시 부츠로 완성한 댄디 룩
342,완벽한 조합,./image/image_342.jpg,스티치 디테일이 매력적인 워크 팬츠와 후드 티셔츠를 코디하고 스니커즈로 마무리한 캐주얼 룩
343,색감에 반해,./image/image_343.jpg,로고 디테일이 돋보이는 후드 티셔츠와 트레이닝 팬츠를 매치하고 플리스와 스니커즈로 포인트를 더한 스트릿 룩
344,꾸안꾸로 완성,./image/image_344.jpg,편안하게 입기 좋은 조거 팬츠와 스웨트셔츠를 매치하고 볼캡으로 마무리한 캐주얼 룩
345,라운딩 룩으로 딱!,./image/image_345.jpg,컬러 배색이 돋보이는 니트와 스윙 팬츠를 코디하고 패딩 베스트로 완성한 골프 룩
346,완벽한 스윙,./image/image_346.jpg,컬러 배색이 돋보이는 코치 재킷과 스윙 팬츠를 매치하고 스니커즈로 마무리한 골프 룩
347,캐주얼 골프 웨어,./image/image_347.jpg,레터링 디테일이 돋보이는 스웨트셔츠와 조거 팬츠를 코디하고 버킷햇으로 연출한 골프 룩
348,골프 홀릭,./image/image_348.jpg,로고 디테일이 돋보이는 스웨트셔츠와 카고 팬츠를 매치하고 나일론 재킷으로 마무리한 골프 룩
349,트렌디한 조합,./image/image_349.jpg,캐주얼 무드의 스웨트셔츠와 스윙 팬츠를 코디하고 캐디 백으로 완성한 골프 룩
350,바시티 재킷 연출법,./image/image_350.jpg,워싱 디테일이 돋보이는 데님 팬츠와 스타디움 재킷을 매치하고 숄더백을 더해 연출한 캐주얼 룩
351,사랑스럽게!,./image/image_351.jpg,따뜻한 색감이 돋보이는 바시티 재킷과 플리츠스커트를 매치하고 숄더백으로 마무리한 걸리시 룩
352,디테일 더하기,./image/image_352.jpg,로고 디테일이 돋보이는 후드 티셔츠와 데님 팬츠를 코디하고 블루종으로 완성한 캐주얼 룩
353,스트릿 무드,./image/image_353.jpg,그래픽이 돋보이는 후드 티셔츠와 카고 팬츠를 코디하고 비니와 숄더백으로 멋을 더한 스트릿 룩
354,하나로 끝내기,./image/image_354.jpg,편하게 입기 좋은 트레이닝 셋업과 블루종을 매치하고 볼캡으로 마무리한 캐주얼 룩
355,시크한 매력,./image/image_355.jpg,글리터 소재가 돋보이는 니트와 미니스커트를 스타일링한 후 레더 재킷과 부츠를 더해 완성한 시크 룩
356,지금 입기 좋아,./image/image_356.jpg,그래픽이 매력적인 스웨트셔츠와 데님 팬츠를 매치하고 크로스 백을 더해 완성한 캐주얼 룩
357,매일 입을래,./image/image_357.jpg,컬러 배색이 돋보이는 스타디움 재킷과 데님 스커트를 코디하고 스니커즈로 마무리한 캐주얼 룩
358,활동성 보장,./image/image_358.jpg,로고 플레이가 돋보이는 스웨트셔츠와 카고 팬츠를 매치하고 크로스 백으로 연출한 아웃도어 룩
359,요즘 스타일링,./image/image_359.jpg,그래픽이 돋보이는 스웨트셔츠와 코튼 팬츠를 코디하고 캠프캡으로 완성한 아웃도어 룩
360,고프코어 스타일,./image/image_360.jpg,아웃 포켓 디테일이 돋보이는 코치 재킷과 카고 팬츠를 매치하고 스니커즈로 마무리한 아웃도어 룩
361,누구나 어울려,./image/image_361.jpg,로고 플레이가 돋보이는 스웨트셔츠와 데님 팬츠를 코디하고 크로스 백으로 연출한 캐주얼 룩
362,유니크한 스타일,./image/image_362.jpg,카무플라주 패턴이 매력적인 카고 팬츠와 후드 티셔츠를 코디하고 스니커즈로 멋을 더한 스트릿 룩
363,요즘 입기 좋아,./image/image_363.jpg,그래픽이 돋보이는 스웨트셔츠와 코튼 팬츠를 코디하고 스타디움 재킷으로 연출한 캐주얼 룩
364,멋스러워,./image/image_364.jpg,절개 디테일이 돋보이는 레더 재킷과 코튼 팬츠를 매치하고 스웨이드 부츠를 더해 완성한 댄디 룩
365,플리스 활용법,./image/image_365.jpg,컬러 배색이 돋보이는 플리스 재킷과 데님 팬츠를 매치하고 스니커즈로 마무리한 캐주얼 룩
366,캠퍼스 룩으로 딱!,./image/image_366.jpg,워싱 디테일이 매력적인 데님 팬츠와 후드 티셔츠를 매치하고 스타디움 재킷을 더해 연출한 캐주얼 룩
367,힙 감성 충만,./image/image_367.jpg,셔링 디테일이 돋보이는 블루종과 카고 팬츠를 매치하고 스니커즈로 포인트를 더한 스트릿 룩
368,뉴트럴 톤 코디,./image/image_368.jpg,로고 플레이가 돋보이는 스웨트셔츠와 코튼 팬츠를 코디하고 백팩으로 마무리한 캐주얼 룩
369,단정하고 깔끔하게,./image/image_369.jpg,헤링본 패턴이 돋보이는 블레이저와 핀턱 슬랙스를 코디하고 브리프케이스를 더해 연출한 포멀 룩
370,데일리 캐주얼,./image/image_370.jpg,집업 디테일이 돋보이는 스웨트셔츠와 데님 팬츠를 매치하고 볼캡으로 포인트를 더한 캐주얼 룩
371,미니멀 댄디 룩,./image/image_371.jpg,절개 디테일이 돋보이는 블루종과 데님 팬츠를 코디하고 첼시 부츠로 연출한 댄디 룩
372,데일리로 좋아,./image/image_372.jpg,핀턱 디테일이 돋보이는 코튼 팬츠와 후드 티셔츠를 매치하고 레더 블루종으로 완성한 캐주얼 룩
373,디테일이 돋보여,./image/image_373.jpg,컬러 배색이 돋보이는 조거 팬츠와 기능성 티셔츠를 매치하고 헌팅 재킷으로 완성한 스포츠 룩
374,활동성 UP!,./image/image_374.jpg,카키 컬러의 코치 재킷과 기능성 팬츠를 셋업으로 매치한 후 버킷햇으로 마무리한 스포츠 룩
375,낚시 룩은 이렇게!,./image/image_375.jpg,활동하기 좋은 긴소매 티셔츠와 기능성 팬츠를 매치하고 비니로 연출한 스포츠 룩
376,남다른 조합,./image/image_376.jpg,심벌 로고가 돋보이는 코치 재킷과 기능성 팬츠를 매치하고 낚시화로 마무리한 스포츠 룩
377,스포티 무드,./image/image_377.jpg,카키 컬러가 돋보이는 나일론 재킷과 기능성 팬츠를 코디하고 캠프캡으로 완성한 스포츠 룩
378,완벽 꿀조합,./image/image_378.jpg,오프숄더 디테일이 돋보이는 스웨트셔츠와 플리츠스커트를 매치하고 스타디움 재킷으로 멋을 더한 걸리시 룩
379,탁월한 매치,./image/image_379.jpg,그래픽이 매력적인 니트와 데님 팬츠를 코디하고 볼캡으로 포인트를 더한 캐주얼 룩
380,분위기에 반해,./image/image_380.jpg,퍼프소매가 돋보이는 니트와 셔츠를 레이어드하고 플리츠스커트와 부츠로 연출한 로맨틱 룩
381,차분한 분위기,./image/image_381.jpg,트위드 소재가 돋보이는 블레이저 재킷과 슬랙스를 매치하고 토트백으로 연출한 포멀 룩
382,어디에나 어울려,./image/image_382.jpg,편하게 입기 좋은 후드 집업과 조거 팬츠를 셋업으로 코디한 후 패딩 베스트로 마무리한 캐주얼 룩
383,매력 뿜뿜,./image/image_383.jpg,로고 플레이가 돋보이는 스웨트셔츠와 코튼 팬츠를 코디하고 울 블루종으로 완성한 캐주얼 룩
384,레더 스타일링,./image/image_384.jpg,아웃 포켓 디테일이 돋보이는 레더 재킷과 데님 팬츠를 코디하고 크로스 백으로 연출한 댄디 룩
385,이렇게 입어봐,./image/image_385.jpg,짜임 디테일이 매력적인 니트 집업과 데님 팬츠를 매치하고 크로스 백으로 연출한 캐주얼 룩
386,힙하게 완성,./image/image_386.jpg,유니크한 그래픽이 돋보이는 후드 티셔츠와 카고 팬츠를 매치하고 스타디움 재킷으로 멋을 더한 스트릿 룩
387,완벽한 매치,./image/image_387.jpg,로고 플레이가 돋보이는 스웨트셔츠와 데님 팬츠를 매치하고 발라클라바로 포인트를 더한 캐주얼 룩
388,활동하기 좋아,./image/image_388.jpg,컬러 배색이 매력적인 윈드브레이커와 코튼 팬츠를 매치하고 캠프캡으로 완성한 아웃도어 룩
389,고프코어가 대세,./image/image_389.jpg,컬러 배색이 돋보이는 재킷과 트레이닝 팬츠를 코디하고 스니커즈로 연출한 아웃도어 룩
390,추천 아웃도어 룩,./image/image_390.jpg,지퍼 디테일이 돋보이는 팬츠와 나일론 재킷을 매치하고 백팩으로 마무리한 아웃도어 룩
391,데일리 캐주얼,./image/image_391.jpg,로고 포인트의 스웨트셔츠와 데님 팬츠를 코디하고 블루종으로 완성한 캐주얼 룩
392,스트릿 바이브,./image/image_392.jpg,그래픽이 돋보이는 후드 티셔츠와 레더 팬츠를 매치하고 스니커즈로 멋을 더한 스트릿 룩
393,센스 있는 OOTD,./image/image_393.jpg,컬러 배색이 돋보이는 바시티 재킷과 코튼 팬츠를 매치하고 스니커즈로 완성한 캐주얼 룩
394,아메카지 멋 내기,./image/image_394.jpg,퀼팅 디테일이 돋보이는 재킷과 벌룬 핏 팬츠를 코디하고 모카신으로 완성한 아메리칸 캐주얼 룩
395,탐나는 캐주얼,./image/image_395.jpg,레터링이 돋보이는 후드 티셔츠와 코튼 팬츠를 코디하고 볼캡으로 마무리한 캐주얼 룩
396,오늘의 출근 룩,./image/image_396.jpg,단정한 무드가 돋보이는 니트와 슬랙스를 매치하고 로퍼를 더해 연출한 포멀 룩
397,편하게 즐겨,./image/image_397.jpg,편안하게 입기 좋은 트레이닝 셋업과 블루종을 코디하고 백팩으로 연출한 캐주얼 룩
398,취향 저격,./image/image_398.jpg,자카드 패턴이 매력적인 카디건과 데님 스커트를 코디하고 에코 백으로 연출한 캐주얼 룩
399,탐나는 스타일,./image/image_399.jpg,워싱 디테일이 돋보이는 미니스커트와 스웨트셔츠를 코디하고 비니를 더해 완성한 걸리시 룩
400,뉴트럴 톤 스타일링,./image/image_400.jpg,브라운 컬러가 매력적인 블레이저 재킷과 슬랙스를 매치하고 토트백으로 마무리한 포멀 룩
401,데님 연출법,./image/image_401.jpg,심벌 로고가 돋보이는 니트와 부츠 컷 팬츠를 코디하고 데님 재킷을 더해 완성한 캐주얼 룩
402,실패 없는 코디,./image/image_402.jpg,컬러 배색 디테일이 돋보이는 니트 집업과 데님 팬츠를 매치하고 버킷 백으로 연출한 캐주얼 룩
403,하나로 끝내기,./image/image_403.jpg,편하게 입기 좋은 트레이닝 셋업과 언더웨어를 코디하고 파우치 백으로 마무리한 홈 웨어
404,집순이의 주말,./image/image_404.jpg,체크 패턴이 돋보이는 파자마 셋업과 언더웨어를 매치하고 완성한 홈 웨어
405,편하게 즐겨,./image/image_405.jpg,편하게 입기 좋은 미디 원피스와 언더웨어로 연출한 홈 웨어
406,오늘은 쉬는 날,./image/image_406.jpg,로고 플레이가 돋보이는 후드 티셔츠와 트레이닝 팬츠를 코디하고 언더웨어로 마무리한 홈 웨어
407,파자마 파티,./image/image_407.jpg,스트라이프 패턴이 돋보이는 파자마 셋업과 언더웨어로 완성한 홈 웨어
408,멋잘알의 OOTD,./image/image_408.jpg,자수 디테일이 돋보이는 바시티 재킷과 데님 팬츠를 매치하고 트루퍼로 멋을 더한 캐주얼 룩
409,데일리로 좋아,./image/image_409.jpg,따뜻하게 입기 좋은 플리스 아노락과 데님 팬츠를 코디하고 볼캡을 더해 연출한 캐주얼 룩
410,출근하는 길,./image/image_410.jpg,미니멀한 실루엣의 니트와 슬랙스를 코디하고 토트백으로 마무리한 포멀 룩
411,요즘 캠퍼스 코디,./image/image_411.jpg,레터링이 돋보이는 후드 티셔츠와 데님 팬츠를 코디하고 스타디움 재킷으로 완성한 캐주얼 룩
412,주말 데이트 룩,./image/image_412.jpg,절개 디테일이 돋보이는 블루종과 데님 팬츠를 코디하고 스니커즈로 마무리한 댄디 룩
413,남다른 디테일,./image/image_413.jpg,그래픽이 돋보이는 스웨트셔츠와 데님 팬츠를 매치하고 레더 재킷으로 멋을 더한 스트릿 룩
414,스웨트셔츠 활용법,./image/image_414.jpg,컬러 배색이 돋보이는 스웨트셔츠와 조거 팬츠를 코디하고 백팩으로 마무리한 캐주얼 룩
415,멋스럽게 완성,./image/image_415.jpg,깔끔한 실루엣의 카디건과 셔츠를 레이어드하고 슬랙스와 더비 슈즈로 연출한 포멀 룩
416,스타일리시해,./image/image_416.jpg,유니크한 무드가 돋보이는 니트와 데님 팬츠를 매치하고 앵클부츠로 마무리한 댄디 룩
417,꾸안꾸가 대세,./image/image_417.jpg,로고 디테일이 돋보이는 스웨트셔츠와 데님 팬츠를 코디하고 볼캡으로 완성한 캐주얼 룩
418,탁월한 선택,./image/image_418.jpg,코듀로이 소재가 돋보이는 바시티 재킷과 데님 팬츠를 코디하고 스니커즈로 완성한 캐주얼 룩
419,디테일 천재,./image/image_419.jpg,컬러 배색이 돋보이는 플리스 재킷과 부츠 컷 팬츠를 매치하고 크로스 백으로 연출한 캐주얼 룩
420,오늘의 데이트,./image/image_420.jpg,트위드 소재가 돋보이는 재킷과 플레어스커트를 매치하고 크로스 백으로 연출한 로맨틱 룩
421,세련된 매력,./image/image_421.jpg,미니멀한 무드의 니트 베스트와 셔츠를 레이어드하고 슬랙스와 싱글 코트를 더해 완성한 포멀 룩
422,뉴트럴 톤 스타일링,./image/image_422.jpg,레터링이 돋보이는 후드 티셔츠와 롱스커트를 코디하고 스니커즈로 마무리한 캐주얼 룩
423,꾸안꾸의 정석,./image/image_423.jpg,플리스 소재가 돋보이는 재킷과 데님 팬츠를 코디하고 버킷햇으로 완성한 캐주얼 룩
424,로맨틱 분위기,./image/image_424.jpg,짜임 디테일이 돋보이는 니트와 롱스커트를 매치하고 숄더백을 더해 마무리한 로맨틱 룩
425,손쉽게 완성,./image/image_425.jpg,편하게 입기 좋은 후드 집업과 스웨트 팬츠를 매치하고 스니커즈로 마무리한 캐주얼 룩
426,깔끔한 포멀 룩,./image/image_426.jpg,깔끔한 실루엣의 블레이저 재킷과 슬랙스를 코디하고 첼시 부츠로 연출한 포멀 룩
427,파스텔 코디,./image/image_427.jpg,화사한 블루 컬러가 매력적인 니트 집업과 데님 팬츠를 코디하고 크로스 백으로 포인트를 더한 캐주얼 룩
428,따라 입어봐,./image/image_428.jpg,편하게 입기 좋은 후드 티셔츠와 데님 팬츠를 코디하고 스니커즈로 마무리한 캐주얼 룩
429,매력 만점,./image/image_429.jpg,워싱 디테일이 돋보이는 데님 팬츠와 스웨이드 재킷을 코디하고 첼시 부츠로 마무리한 댄디 룩
430,데일리로 합격,./image/image_430.jpg,레터링이 돋보이는 스웨트셔츠와 데님 팬츠를 코디하고 백팩으로 완성한 캐주얼 룩
431,눈에 띄는 멋,./image/image_431.jpg,컬러 배색이 돋보이는 플리스 재킷과 코튼 팬츠를 매치하고 스니커즈로 포인트를 더한 스트릿 룩
432,로고 포인트,./image/image_432.jpg,로고 플레이가 돋보이는 후드 티셔츠와 데님 팬츠를 매치하고 볼캡을 더해 연출한 캐주얼 룩
433,데일리 캐주얼,./image/image_433.jpg,라인 배색 디테일이 돋보이는 스웨트셔츠와 데님 팬츠를 스타일링한 후 크로스 백으로 마무리한 캐주얼 룩
434,워너비 스타일,./image/image_434.jpg,미니멀한 무드의 니트와 데님 팬츠를 코디하고 울 블루종으로 연출한 댄디 룩
435,언제나 손쉽게,./image/image_435.jpg,플라워 그래픽이 돋보이는 스웨트셔츠와 조거 팬츠를 코디하고 스니커즈로 마무리한 캐주얼 룩
436,힙 감성 충만,./image/image_436.jpg,유니크한 그래픽이 돋보이는 후드 티셔츠와 트레이닝 팬츠를 매치하고 비니로 멋을 더한 스트릿 룩
437,이 조합 찬성,./image/image_437.jpg,그래픽이 돋보이는 후드 티셔츠와 데님 팬츠를 코디하고 MA-1 재킷으로 완성한 캐주얼 룩
438,누구나 도전 가능,./image/image_438.jpg,스트라이프 패턴이 돋보이는 스웨트셔츠와 데님 팬츠를 매치하고 크로스 백으로 연출한 캐주얼 룩
439,오늘의 출근길,./image/image_439.jpg,카라 디테일이 돋보이는 니트와 슬랙스를 매치하고 더비 슈즈로 마무리한 포멀 룩
440,올 블랙 캐주얼 룩,./image/image_440.jpg,스티치 디테일이 매력적인 후드 티셔츠와 카고 팬츠를 코디하고 스니커즈로 마무리한 캐주얼 룩
441,센스 있어,./image/image_441.jpg,미니멀한 실루엣의 니트와 데님 팬츠를 코디하고 레더 재킷으로 완성한 댄디 룩
442,부담 없이 입어봐!,./image/image_442.jpg,집업 디테일이 돋보이는 스웨트셔츠와 코튼 팬츠를 매치하고 볼캡으로 연출한 캐주얼 룩
443,느낌 있는 캐주얼,./image/image_443.jpg,컬러 배색이 돋보이는 하프 집업과 데님 팬츠를 코디하고 숏 코트로 완성한 캐주얼 룩
444,사랑스러워,./image/image_444.jpg,스트라이프 패턴이 돋보이는 니트와 미니스커트를 매치하고 크로스 백으로 마무리한 걸리시 룩
445,힙하다 힙해,./image/image_445.jpg,그래픽이 돋보이는 후드 티셔츠와 카고 팬츠를 코디하고 플리스 재킷으로 멋을 더한 스트릿 룩
446,귀여운 조합,./image/image_446.jpg,언밸런스 디테일이 매력적인 롱스커트와 후드 집업을 매치하고 스타디움 재킷으로 완성한 캐주얼 룩
447,우아한 실루엣,./image/image_447.jpg,간결한 실루엣이 돋보이는 맥시 원피스와 롱 코트를 코디하고 크로스 백으로 연출한 로맨틱 룩
448,디테일에 주목,./image/image_448.jpg,카무플라주 패턴이 매력적인 플리츠스커트와 니트를 매치하고 플리스 재킷으로 마무리한 골프 룩
449,전문적인 스킬,./image/image_449.jpg,활동하기 좋은 숏 패딩과 스윙 팬츠를 코디하고 캐디 백으로 완성한 골프 룩
450,필드 나가는 날,./image/image_450.jpg,편하게 입기 좋은 패딩 베스트와 플리츠스커트를 매치하고 버킷햇으로 완성한 골프 룩
451,색감에 반해,./image/image_451.jpg,레터링이 돋보이는 니트와 스윙 팬츠를 코디하고 골프화로 마무리한 골프 룩
452,탐나는 골프 웨어,./image/image_452.jpg,아가일 패턴이 매력적인 베스트와 긴소매 티셔츠를 레이어드하고 플리츠스커트로 연출한 골프 룩
453,캠퍼스 스타일링,./image/image_453.jpg,로고 플레이가 돋보이는 스웨트셔츠와 데님 팬츠를 코디하고 스타디움 재킷과 스니커즈로 마무리한 캐주얼 룩
454,따라 입기 쉬워,./image/image_454.jpg,편안하게 입기 좋은 트레이닝 셋업과 블루종을 매치하고 백팩으로 마무리한 캐주얼 룩
455,댄디 룩의 정석,./image/image_455.jpg,그린 컬러가 매력적인 카디건과 데님 팬츠를 코디하고 토트백으로 연출한 댄디 룩
456,스트릿 바이브,./image/image_456.jpg,그래픽이 매력적인 후드 티셔츠와 데님 팬츠를 매치하고 볼캡으로 멋을 더한 스트릿 룩
457,믿고 입는 코디,./image/image_457.jpg,로고 포인트의 후드 티셔츠와 데님 팬츠를 코디하고 헌팅 재킷으로 완성한 캐주얼 룩
458,캐주얼 무드,./image/image_458.jpg,레터링 디테일이 돋보이는 후드 티셔츠와 데님 팬츠를 코디하고 스타디움 재킷으로 완성한 캐주얼 룩
459,차분한 이미지,./image/image_459.jpg,브라운 컬러가 돋보이는 블레이저 재킷과 카디건을 매치하고 슬랙스로 연출한 포멀 룩
460,아메카지의 매력,./image/image_460.jpg,배색 디테일이 매력적인 스웨트셔츠와 코듀로이 팬츠를 코디하고 헌팅 재킷으로 마무리한 아메리칸 캐주얼 룩
461,셋업 코디 추천,./image/image_461.jpg,로고가 돋보이는 트레이닝 셋업과 플리스를 매치하고 버킷햇으로 완성한 캐주얼 룩
462,디테일이 남달라,./image/image_462.jpg,유니크한 그래픽이 돋보이는 후드 티셔츠와 데님 팬츠를 매치하고 스니커즈로 멋을 더한 스트릿 룩
463,활동성 보장,./image/image_463.jpg,활동하기 좋은 패딩 베스트와 카고 팬츠를 매치하고 볼캡을 더해 완성한 골프 룩
464,세련된 필드 룩,./image/image_464.jpg,컬러 배색이 돋보이는 스웨트셔츠와 스윙 팬츠를 코디하고 보스턴백을 더해 연출한 골프 룩
465,캐주얼 골프 웨어,./image/image_465.jpg,편안하게 입기 좋은 스웨트셔츠와 카고 팬츠를 매치하고 골프화로 마무리한 골프 룩
466,완벽한 스윙,./image/image_466.jpg,심벌 로고가 돋보이는 스웨트셔츠와 스윙 팬츠를 코디하고 캐디 백을 더해 완성한 골프 룩
467,라운딩에 빠져,./image/image_467.jpg,집업 디테일이 돋보이는 스웨트셔츠와 스윙 팬츠를 매치하고 볼캡으로 연출한 골프 룩
468,볼수록 예뻐,./image/image_468.jpg,로고가 돋보이는 스웨트셔츠와 데님 팬츠를 코디하고 플리스 재킷으로 완성한 캐주얼 룩
469,로맨틱하게,./image/image_469.jpg,컷아웃 디테일이 매력적인 니트와 데님 팬츠를 매치하고 싱글 코트로 연출한 로맨틱 룩
470,완벽 꿀 조합,./image/image_470.jpg,컬러 배색이 매력적인 스타디움 재킷과 니트를 코디하고 미니스커트로 마무리한 걸리시 룩
471,돋보이는 개성,./image/image_471.jpg,그래픽이 돋보이는 스웨트셔츠와 카고 팬츠를 코디하고 토트백으로 멋을 더한 스트릿 룩
472,편안한 외출,./image/image_472.jpg,편하게 입기 좋은 트레이닝 셋업과 긴소매 티셔츠를 매치하고 퀼팅 패딩으로 완성한 캐주얼 룩
473,지적인 분위기,./image/image_473.jpg,미니멀한 실루엣이 돋보이는 울 블루종에 부츠 컷 슬랙스를 코디하고 숄더백과 부츠를 더해 연출한 포멀 룩
474,즐거운 운동,./image/image_474.jpg,레드 컬러가 돋보이는 긴소매 티셔츠와 레깅스를 코디하고 볼캡을 더해 연출한 스포츠 룩
475,스포티 무드,./image/image_475.jpg,핑크 컬러가 매력적인 카디건과 레깅스를 매치하고 경량 패딩을 더해 완성한 스포츠 룩
476,예쁘고 건강하게!,./image/image_476.jpg,그린 컬러가 매력적인 긴소매 티셔츠와 조거 팬츠를 매치하고 플리스를 더해 연출한 스포츠 룩
477,전문가 포스,./image/image_477.jpg,퀼팅 디테일이 돋보이는 숏 패딩과 트레이닝 팬츠를 코디하고 러닝화로 완성한 스포츠 룩
478,요가도 화사하게,./image/image_478.jpg,핑크 컬러가 돋보이는 조거 팬츠와 플리스 재킷을 매치하고 에코 백으로 마무리한 스포츠 룩
479,바시티 재킷 활용법,./image/image_479.jpg,레터링이 돋보이는 스웨트셔츠와 치노 팬츠를 코디하고 볼캡을 더해 완성한 캐주얼 룩
480,워너비 스타일,./image/image_480.jpg,그러데이션 패턴이 매력적인 니트와 코튼 팬츠를 매치하고 코듀로이 재킷으로 마무리한 댄디 룩
481,데이트 있는 날,./image/image_481.jpg,아가일 패턴이 매력적인 니트와 데님 팬츠를 매치하고 첼시 부츠로 마무리한 댄디 룩
482,가볍게 꾸며봐,./image/image_482.jpg,로고 플레이가 돋보이는 후드 티셔츠와 조거 팬츠를 코디하고 비니를 더해 연출한 캐주얼 룩
483,고프코어가 대세,./image/image_483.jpg,컬러 배색이 돋보이는 팬츠와 후드 티셔츠를 매치하고 버킷햇으로 완성한 아웃도어 룩
484,일상 아웃도어 룩,./image/image_484.jpg,활동하기 좋은 좋은 경량 패딩과 나일론 팬츠를 코디하고 스니커즈로 완성한 아웃도어 룩
485,컬러 포인트 코디,./image/image_485.jpg,블루 컬러가 매력적인 윈드브레이커와 코튼 팬츠를 매치하고 백팩으로 마무리한 아웃도어 룩
486,데일리 캐주얼,./image/image_486.jpg,컬러 배색이 돋보이는 스웨트셔츠와 데님 팬츠를 매치하고 스니커즈로 포인트를 더한 캐주얼 룩
487,댄디 스타일링,./image/image_487.jpg,스티치 디테일이 매력적인 레더 재킷과 니트를 매치하고 데님 팬츠로 연출한 댄디 룩
488,편안하게,./image/image_488.jpg,레터링이 돋보이는 스웨트셔츠와 조거 팬츠를 코디하고 스니커즈로 완성한 캐주얼 룩
489,시선 집중,./image/image_489.jpg,그래픽이 매력적인 니트와 조거 팬츠를 매치하고 스타디움 재킷으로 멋을 더한 스트릿 룩
490,아메카지의 매력,./image/image_490.jpg,올리브그린 컬러의 피시테일 파카와 코튼 팬츠를 코디하고 모카신으로 마무리한 아메리칸 캐주얼 룩
491,디테일이 돋보여,./image/image_491.jpg,캐주얼 무드의 스웨트셔츠와 데님 팬츠를 코디하고 싱글 코트를 더해 완성한 캐주얼 룩
492,눈에 띄는 매치,./image/image_492.jpg,래글런 디자인이 돋보이는 긴소매 티셔츠와 데님 팬츠를 코디하고 백팩으로 멋을 더한 스트릿 룩
493,출근하는 길,./image/image_493.jpg,담백한 무드의 니트와 셔츠를 레이어드하고 슬랙스와 더비 슈즈로 연출한 포멀 룩
494,하나로 완성,./image/image_494.jpg,편하게 입기 좋은 트레이닝 셋업과 헌팅 재킷을 매치하고 볼캡으로 마무리한 캐주얼 룩
495,활동하기 좋아,./image/image_495.jpg,편하게 입기 좋은 스웨트셔츠와 코튼 팬츠를 코디하고 플리스와 트루퍼로 보온성을 더한 아웃도어 룩
496,매력 만점,./image/image_496.jpg,스티치 디테일이 돋보이는 스웨이드 재킷과 코튼 팬츠를 매치하고 숄더백으로 완성한 댄디 룩
497,추천 캠퍼스 코디,./image/image_497.jpg,캐주얼 무드의 후드 티셔츠와 데님 팬츠를 코디하고 스타디움 재킷으로 완성한 캐주얼 룩
498,단정하게 출근,./image/image_498.jpg,단정한 무드의 카디건과 슬랙스를 코디하고 피 코트로 연출한 포멀 룩
499,매일 입을래,./image/image_499.jpg,편하게 입기 좋은 스웨트셔츠와 조거 팬츠를 매치하고 스니커즈로 마무리한 캐주얼 룩
500,힙 바이브,./image/image_500.jpg,컬러 배색이 매력적인 팬츠와 스웨트셔츠를 매치하고 비니로 멋을 더한 스트릿 룩
501,탐나는 매치,./image/image_501.jpg,퀼팅 디테일이 매력적인 재킷과 코튼 팬츠를 코디하고 크로스 백을 더해 마무리한 캐주얼 룩
502,뉴트럴 톤 포멀 룩,./image/image_502.jpg,뉴트럴 톤 색감이 돋보이는 블레이저와 슬랙스를 셋업으로 매치하고 로퍼로 마무리한 포멀 룩
503,캠퍼스 룩으로 딱!,./image/image_503.jpg,레터링이 돋보이는 후드 티셔츠와 데님 팬츠를 매치하고 스타디움 재킷으로 연출한 캐주얼 룩
504,남다른 스타일,./image/image_504.jpg,유니크한 그래픽이 돋보이는 후드 티셔츠와 데님 팬츠를 코디하고 스니커즈로 연출한 스트릿 룩
505,셋업 활용법,./image/image_505.jpg,편하게 입기 좋은 트레이닝 셋업과 숏 패딩을 코디하고 백팩으로 완성한 캐주얼 룩
506,찰떡 조합,./image/image_506.jpg,워싱 디테일이 돋보이는 데님 팬츠와 스타디움 재킷을 코디하고 볼캡으로 연출한 캐주얼 룩
507,등산 가는 날,./image/image_507.jpg,컬러 배색이 돋보이는 플리스와 기모 팬츠를 코디하고 버킷햇을 더해 완성한 아웃도어 룩
508,모노톤 스타일링,./image/image_508.jpg,그래픽 프린팅이 돋보이는 스웨트셔츠와 데님 팬츠를 매치하고 스니커즈로 마무리한 캐주얼 룩
509,깔끔하게 완성,./image/image_509.jpg,네이비 컬러의 니트와 셔츠를 레이어드하고 데님 팬츠와 첼시 부츠를 더해 완성한 댄디 룩
510,편하게 즐겨봐,./image/image_510.jpg,편하게 입기 좋은 후드 티셔츠와 조거 팬츠를 매치하고 백팩으로 마무리한 캐주얼 룩
511,모노톤 고프코어,./image/image_511.jpg,리버서블 디테일이 돋보이는 숏 패딩과 코튼 팬츠를 코디하고 백팩으로 완성한 아웃도어 룩
512,대세 스타일링,./image/image_512.jpg,활동하기 좋은 스웨트셔츠와 코튼 팬츠를 매치하고 플리스 베스트로 마무리한 아웃도어 룩
513,윈터 아웃도어 룩,./image/image_513.jpg,활동하기 좋은 나일론 재킷과 롱스커트를 코디하고 캠프캡으로 연출한 아웃도어 룩
514,꾸민 듯 안 꾸민 듯,./image/image_514.jpg,레터링이 돋보이는 스웨트셔츠와 데님 팬츠를 매치하고 후드 블루종으로 마무리한 캐주얼 룩
515,섬세한 멋,./image/image_515.jpg,브라운 컬러가 돋보이는 블레이저 재킷과 부츠 컷 슬랙스를 코디하고 숄더백으로 완성한 포멀 룩
516,스트릿 바이브,./image/image_516.jpg,컬러 배색이 매력적인 레더 재킷과 카디건을 코디하고 조거 팬츠로 완성한 스트릿 룩
517,스타일리시해,./image/image_517.jpg,브라운 컬러가 매력적인 블레이저 재킷과 카디건을 코디하고 미니스커트로 마무리한 걸리시 룩
518,요즘 힙 감성,./image/image_518.jpg,컬러 배색이 돋보이는 코치 재킷과 조거 팬츠를 셋업으로 매치한 후 비니를 더해 연출한 스트릿 룩
519,트렌디한 무드,./image/image_519.jpg,스티치 디테일이 돋보이는 코튼 팬츠와 스웨트셔츠를 코디하고 데님 블루종으로 완성한 캐주얼 룩
520,독보적 아우라,./image/image_520.jpg,그래픽이 돋보이는 후드 티셔츠와 코튼 팬츠를 매치하고 숄더백으로 멋을 더한 스트릿 룩
521,데일리로 제격,./image/image_521.jpg,캐주얼 무드가 돋보이는 블루종과 데님 팬츠를 코디하고 백팩으로 완성한 캐주얼 룩
522,아메카지의 매력,./image/image_522.jpg,브라운 컬러가 돋보이는 니트 베스트와 셔츠를 레이어드하고 코튼 팬츠와 모카신으로 마무리한 아메리칸 캐주얼 룩
523,힙하게 입어봐,./image/image_523.jpg,레터링이 돋보이는 스웨트셔츠와 데님 팬츠를 매치하고 스니커즈로 포인트를 더한 스트릿 룩
524,여행 가는 날,./image/image_524.jpg,깔끔한 실루엣의 발마칸 재킷과 데님 팬츠를 매치하고 캐리어를 더해 연출한 댄디 룩
525,셋업 연출법,./image/image_525.jpg,편하게 입기 좋은 트레이닝 셋업과 숏 패딩을 코디하고 스니커즈로 마무리한 캐주얼 룩
526,언제 어디서나,./image/image_526.jpg,집업 디테일이 돋보이는 스웨트셔츠와 데님 팬츠를 매치하고 볼캡으로 연출한 캐주얼 룩
527,자꾸만 눈이 가,./image/image_527.jpg,카무플라주 패턴이 매력적인 카고 팬츠와 스웨트셔츠를 매치하고 비니를 더해 완성한 스트릿 룩
528,손이 가는 조합,./image/image_528.jpg,로고 플레이가 돋보이는 후드 티셔츠와 데님 팬츠를 코디하고 메신저 백으로 마무리한 캐주얼 룩
529,윈터 포멀 룩,./image/image_529.jpg,깔끔한 실루엣의 셔츠와 니트 베스트를 레이어드하고 슬랙스와 더블 코트를 더해 연출한 포멀 룩
530,하나로 끝내기,./image/image_530.jpg,레터링이 돋보이는 트레이닝 셋업과 블루종을 코디하고 슬링 백을 더해 완성한 캐주얼 룩
531,데일리 캐주얼,./image/image_531.jpg,로고 포인트의 스웨트셔츠와 데님 팬츠를 스타일링하고 울 블루종으로 완성한 캐주얼 룩
532,개성 더하기,./image/image_532.jpg,스티치 디테일이 돋보이는 후드 티셔츠와 데님 팬츠를 코디하고 볼캡으로 멋을 더한 스트릿 룩
533,스포티 무드,./image/image_533.jpg,로고 디테일이 돋보이는 스웨트셔츠와 기능성 팬츠를 매치하고 아노락 재킷으로 마무리한 스포츠 룩
534,훈훈하게 완성,./image/image_534.jpg,담백한 무드의 니트와 셔츠를 레이어드하고 데님 팬츠와 토트백으로 연출한 댄디 룩
535,따뜻한 색감,./image/image_535.jpg,심벌 로고가 매력적인 니트와 데님 팬츠를 코디하고 버킷햇으로 완성한 캐주얼 룩
536,멋스러운 캐주얼,./image/image_536.jpg,로고 플레이가 돋보이는 스웨트셔츠와 데님 팬츠를 코디하고 볼캡으로 완성한 캐주얼 룩
537,세련된 스타일,./image/image_537.jpg,랩 스타일이 돋보이는 블라우스와 데님 팬츠를 스타일링하고 숄더백을 더해 연출한 로맨틱 룩
538,매일 입을래,./image/image_538.jpg,그래픽이 돋보이는 스웨트셔츠와 데님 팬츠를 코디하고 스니커즈로 완성한 캐주얼 룩
539,매력적인 조합,./image/image_539.jpg,베이지 컬러의 니트 베스트와 셔츠를 레이어드하고 롱스커트와 퀼팅 재킷으로 완성한 아메리칸 캐주얼 룩
540,우아한 실루엣,./image/image_540.jpg,집업 디테일이 돋보이는 맥시 원피스와 싱글 코트를 매치하고 부츠로 연출한 로맨틱 룩
541,편안한 홈 웨어,./image/image_541.jpg,로고 플레이가 돋보이는 스웨트셔츠와 트레이닝 팬츠를 매치하고 언더웨어로 마무리한 홈 웨어
542,데일리 파자마,./image/image_542.jpg,네이비 컬러가 돋보이는 파자마 셋업에 언더웨어를 더해 완성한 홈 웨어
543,집순이가 좋아,./image/image_543.jpg,스트라이프 패턴이 매력적인 파자마 셋업과 언더웨어로 마무리한 홈 웨어
544,패턴 포인트,./image/image_544.jpg,체크 패턴이 돋보이는 파자마 셋업에 언더웨어와 양말을 더해 연출한 홈 웨어
545,포근한 주말,./image/image_545.jpg,레터링이 돋보이는 스웨트셔츠와 미디스커트를 코디하고 언더웨어로 완성한 홈 웨어
546,센스 만점,./image/image_546.jpg,캐주얼 무드의 후드 티셔츠와 데님 팬츠를 코디하고 스니커즈로 포인트를 더한 캐주얼 룩
547,누구나 좋아해,./image/image_547.jpg,짜임 디테일이 돋보이는 니트와 데님 팬츠를 매치하고 머플러로 따뜻함을 더한 캐주얼 룩
548,스트릿 바이브,./image/image_548.jpg,유니크한 무드의 니트와 조거 팬츠를 매치하고 글로시한 숏 패딩과 비니로 멋을 더한 스트릿 룩
549,포근한 마무리,./image/image_549.jpg,컬러 배색이 돋보이는 플리스와 데님 팬츠를 코디하고 크로스 백으로 완성한 캐주얼 룩
550,깔끔한 포멀 룩,./image/image_550.jpg,미니멀한 실루엣의 발마칸 코트와 슬랙스를 코디하고 토트백을 더해 연출한 포멀 룩
551,데일리 캠퍼스 룩,./image/image_551.jpg,라인 배색 디테일이 돋보이는 바시티 재킷과 데님 팬츠를 코디하고 비니로 완성한 캐주얼 룩
552,뉴트럴 톤 조합,./image/image_552.jpg,따뜻한 색감이 매력적인 울 블루종과 데님 팬츠를 코디하고 스웨이드 부츠를 더해 연출한 댄디 룩
553,꾸안꾸로 완성,./image/image_553.jpg,따뜻하게 입기 좋은 숏 패딩에 데님 팬츠를 매치하고 볼캡으로 마무리한 캐주얼 룩
554,더플코트 활용법,./image/image_554.jpg,로고 포인트의 스웨트셔츠와 벌룬 핏 팬츠를 코디하고 더플코트를 더해 완성한 아메리칸 캐주얼 룩
555,편하게 입어봐,./image/image_555.jpg,그래픽이 돋보이는 후드 티셔츠와 스웨트 팬츠를 코디하고 스니커즈로 마무리한 캐주얼 룩
556,오늘의 데이트,./image/image_556.jpg,미니멀한 실루엣의 니트와 터틀넥 티셔츠를 레이어드하고 데님 팬츠와 퀼팅 재킷으로 연출한 댄디 룩
557,데일리 캐주얼,./image/image_557.jpg,블루 컬러가 돋보이는 스웨트셔츠와 데님 팬츠를 코디하고 메신저 백으로 완성한 캐주얼 룩
558,담백한 무드,./image/image_558.jpg,짜임 디테일이 돋보이는 니트와 핀턱 슬랙스를 코디하고 더블 코트로 연출한 포멀 룩
559,따라 입기 쉬워,./image/image_559.jpg,캐주얼 무드의 니트와 스웨트 팬츠를 매치하고 백팩으로 완성한 캐주얼 룩
560,가벼운 발걸음,./image/image_560.jpg,컬러 배색이 돋보이는 트랙 재킷과 조거 팬츠를 코디하고 웨이스트 백으로 마무리한 스포츠 룩
561,꾸민 듯 안 꾸민 듯,./image/image_561.jpg,심벌 로고가 돋보이는 스웨트셔츠와 데님 팬츠를 매치하고 비니를 더해 완성한 캐주얼 룩
562,귀여운 디테일,./image/image_562.jpg,아가일 패턴이 돋보이는 니트와 플리츠스커트를 코디하고 베레와 스웨이드 부츠로 연출한 걸리시 룩
563,탐나는 스타일,./image/image_563.jpg,워싱 디테일이 돋보이는 데님 팬츠와 스웨트셔츠를 코디하고 크로스 백으로 완성한 캐주얼 룩
564,세련된 매력,./image/image_564.jpg,깔끔한 실루엣의 싱글 코트와 부츠 컷 슬랙스를 매치하고 로퍼를 더해 마무리한 포멀 룩
565,화사한 캐주얼 룩,./image/image_565.jpg,핑크 컬러가 매력적인 니트와 코듀로이 팬츠를 매치하고 숏 패딩으로 마무리한 캐주얼 룩
566,차분한 색감,./image/image_566.jpg,짜임 디테일이 돋보이는 카디건과 맥시 스커트를 매치하고 부츠로 마무리한 로맨틱 룩
567,컬러 포인트 코디,./image/image_567.jpg,그린 컬러가 돋보이는 크롭 니트와 데님 팬츠를 코디하고 숄더백으로 완성한 캐주얼 룩
568,취향 저격,./image/image_568.jpg,스트라이프 패턴의 니트와 플리츠스커트를 코디하고 숄더백으로 멋을 더한 걸리시 룩
569,편안한 매치,./image/image_569.jpg,편하게 입기 좋은 후드 집업과 스웨트 팬츠를 매치하고 패딩 베스트로 마무리한 캐주얼 룩
570,깔끔하고 단정하게,./image/image_570.jpg,담백한 무드의 니트와 핀턱 슬랙스를 코디하고 싱글 코트로 연출한 포멀 룩
571,요즘 입기 좋아,./image/image_571.jpg,레터링 디테일이 돋보이는 후드 티셔츠와 데님 팬츠를 코디하고 스니커즈로 마무리한 캐주얼 룩
572,눈에 띄는 멋,./image/image_572.jpg,그래픽 프린팅이 돋보이는 후드 티셔츠와 카고 팬츠를 매치하고 비니로 포인트를 더한 스트릿 룩
573,센스 만점,./image/image_573.jpg,귀여운 그래픽이 돋보이는 스웨트셔츠와 데님 팬츠를 매치하고 퀼팅 재킷으로 완성한 캐주얼 룩
574,마음에 들어,./image/image_574.jpg,컬러 배색이 돋보이는 스웨트셔츠와 데님 팬츠를 코디하고 숏 패딩을 더해 완성한 캐주얼 룩
575,남다른 바이브,./image/image_575.jpg,그래픽 프린팅이 매력적인 스웨트셔츠와 카고 팬츠를 매치하고 볼캡과 스니커즈로 멋을 더한 스트릿 룩
576,따라 입고 싶어,./image/image_576.jpg,워싱 디테일이 매력적인 데님 팬츠와 후드 티셔츠를 코디하고 비니로 포인트를 더한 캐주얼 룩
577,차분한 이미지,./image/image_577.jpg,미니멀한 실루엣의 니트와 핀턱 슬랙스를 매치하고 더블 코트를 더해 연출한 포멀 룩
578,데일리 웨어,./image/image_578.jpg,레터링 디테일이 돋보이는 후드 티셔츠와 데님 팬츠를 매치하고 백팩으로 연출한 캐주얼 룩
579,스타일리시해,./image/image_579.jpg,워싱 디테일이 매력적인 데님 팬츠와 무톤 재킷을 매치하고 부츠를 더해 연출한 댄디 룩
580,추천 캠퍼스 룩,./image/image_580.jpg,아웃 포켓 디테일이 돋보이는 숏 패딩과 데님 팬츠를 코디하고 크로스 백으로 마무리한 캐주얼 룩
581,라운딩 룩으로 딱!,./image/image_581.jpg,컬러 배색이 돋보이는 스타디움 재킷과 스웨트셔츠를 코디하고 코튼 팬츠와 캐디 백을 더해 완성한 골프 룩
582,필드 위 멋쟁이,./image/image_582.jpg,활동하기 좋은 스웨트셔츠와 스윙 팬츠를 매치하고 볼캡으로 마무리한 골프 룩
583,캐주얼 골프 웨어,./image/image_583.jpg,그래픽이 돋보이는 스웨트셔츠와 조거 팬츠를 코디하고 보스턴백으로 연출한 골프 룩
584,트렌디한 조합,./image/image_584.jpg,심벌 로고가 돋보이는 하프 집업과 데님 팬츠를 매치하고 볼캡으로 마무리한 골프 룩
585,요즘 골프 룩,./image/image_585.jpg,아가일 패턴이 돋보이는 니트와 스윙 팬츠를 코디하고 데님 블루종으로 완성한 골프 룩
586,따라 입어봐,./image/image_586.jpg,래글런 디자인이 돋보이는 스웨트셔츠와 부츠 컷 팬츠를 코디하고 비니로 완성한 캐주얼 룩
587,분위기 끝판왕,./image/image_587.jpg,깔끔한 실루엣의 트위드 재킷과 플리츠스커트를 매치하고 앵클부츠로 연출한 로맨틱 룩
588,실패 없는 코디,./image/image_588.jpg,코듀로이 소재가 돋보이는 미디스커트와 스타디움 재킷을 매치하고 부츠로 마무리한 캐주얼 룩
589,돋보이는 조합,./image/image_589.jpg,컬러 배색이 돋보이는 니트와 미니스커트를 매치하고 레더 부츠를 더해 완성한 걸리시 룩
590,느낌 있는 캐주얼,./image/image_590.jpg,그래픽 프린팅이 돋보이는 스웨트셔츠와 데님 팬츠를 코디하고 숄더백을 더해 연출한 캐주얼 룩
591,골프 룩 추천,./image/image_591.jpg,스트라이프 패턴이 돋보이는 니트와 플리츠스커트를 코디하고 숏 패딩으로 완성한 골프 룩
592,나이스 샷!,./image/image_592.jpg,깔끔한 실루엣의 니트와 부츠 컷 팬츠를 매치하고 버킷햇으로 마무리한 골프 룩
593,골프 룩도 캐주얼하게!,./image/image_593.jpg,활동하기 좋은 후드 티셔츠와 조거 팬츠를 셋업으로 매치한 후 캐디 백으로 연출한 골프 룩
594,매력 만점,./image/image_594.jpg,코듀로이 소재가 돋보이는 미니스커트와 니트를 매치하고 스타디움 재킷으로 마무리한 골프 룩
595,전문가 포스,./image/image_595.jpg,레터링 디테일이 돋보이는 스웨트셔츠와 부츠 컷 팬츠를 코디하고 골프화로 연출한 골프 룩
596,컬러 포인트 코디,./image/image_596.jpg,그린 컬러가 매력적인 후드 티셔츠와 데님 팬츠를 코디하고 스니커즈로 마무리한 캐주얼 룩
597,탁월한 매치,./image/image_597.jpg,귀여운 그래픽이 매력적인 스웨트셔츠와 데님 스커트를 매치하고 토트백을 더해 연출한 캐주얼 룩
598,대세 스타일링,./image/image_598.jpg,그래픽 프린팅이 매력적인 스웨트셔츠와 코튼 팬츠를 코디하고 백팩으로 완성한 아웃도어 룩
599,디테일 천재,./image/image_599.jpg,로고 포인트의 스웨트셔츠와 나일론 팬츠를 매치하고 플리스와 캠프캡을 더해 연출한 아웃도어 룩
600,윈터 고프코어,./image/image_600.jpg,로고 플레이가 돋보이는 후드 티셔츠와 코튼 팬츠를 코디하고 비니로 마무리한 아웃도어 룩
601,데일리 코디,./image/image_601.jpg,로고 플레이가 돋보이는 후드 티셔츠와 데님 팬츠를 코디하고 크로스 백으로 포인트를 더한 캐주얼 룩
602,등산 가는 날,./image/image_602.jpg,활동하기 좋은 코치 재킷과 기능성 팬츠를 코디하고 트레킹화로 마무리한 아웃도어 룩
603,활동성 최고,./image/image_603.jpg,카키 컬러가 돋보이는 후드 티셔츠와 레깅스를 매치하고 숏 패딩으로 완성한 아웃도어 룩
604,스포티해!,./image/image_604.jpg,활동하기 좋은 기능성 팬츠와 후드 집업을 코디하고 더플백으로 연출한 아웃도어 룩
605,남다른 디테일,./image/image_605.jpg,포켓 디테일이 돋보이는 스웨트셔츠와 조거 팬츠를 매치하고 트루퍼로 보온성을 더한 아웃도어 룩
606,윈터 아웃도어 룩,./image/image_606.jpg,따뜻하게 입기 좋은 후드 집업과 조거 팬츠를 코디하고 웨이스트 백으로 완성한 아웃도어 룩
607,워너비 스타일,./image/image_607.jpg,스트라이프 패턴이 매력적인 니트와 데님 팬츠를 코디하고 스니커즈로 연출한 캐주얼 룩
608,편하게 즐겨봐,./image/image_608.jpg,로고 디테일이 돋보이는 후드 티셔츠와 스웨트 팬츠를 매치하고 백팩으로 마무리한 캐주얼 룩
609,뉴트럴 아메카지,./image/image_609.jpg,코듀로이 소재가 돋보이는 벌룬 핏 팬츠와 스웨트셔츠를 매치하고 모카신으로 완성한 아메리칸 캐주얼 룩
610,출근하는 길,./image/image_610.jpg,미니멀한 무드의 니트와 슬랙스를 코디하고 피코트를 더해 연출한 포멀 룩
611,부담 없는 조합,./image/image_611.jpg,퀼팅 디테일이 돋보이는 숏 패딩과 카고 팬츠를 코디하고 스니커즈로 완성한 캐주얼 룩
612,스트릿 바이브,./image/image_612.jpg,절개 디테일이 돋보이는 데님 팬츠와 니트를 매치하고 스타디움 재킷과 비니로 멋을 더한 스트릿 룩
613,취향 저격,./image/image_613.jpg,귀여운 그래픽이 돋보이는 니트 베스트와 셔츠를 레이어드하고 데님 팬츠와 더플코트로 완성한 캐주얼 룩
614,멋스럽게 외출,./image/image_614.jpg,워싱 디테일이 돋보이는 데님 팬츠와 니트를 매치하고 울 블루종으로 마무리한 댄디 룩
615,편하게 완성,./image/image_615.jpg,그래픽이 돋보이는 스웨트셔츠와 조거 팬츠를 매치하고 볼캡으로 완성한 캐주얼 룩
616,차분한 이미지,./image/image_616.jpg,담백한 무드의 블레이저 셋업과 셔츠를 코디하고 발마칸 코트와 로퍼를 더해 연출한 포멀 룩
617,훈훈하게 완성,./image/image_617.jpg,캐주얼 무드의 니트와 셔츠를 레이어드하고 데님 팬츠와 후드 코트를 더해 연출한 캐주얼 룩
618,꾸안꾸가 대세,./image/image_618.jpg,퀼팅 디테일이 돋보이는 숏 패딩과 코튼 팬츠를 매치하고 볼캡을 더해 완성한 캐주얼 룩
619,등산 마니아,./image/image_619.jpg,따뜻하게 입기 좋은 숏 패딩과 기능성 팬츠를 코디하고 트레킹화로 마무리한 아웃도어 룩
620,디테일이 돋보여,./image/image_620.jpg,네이비 컬러가 돋보이는 팬츠와 후드 티셔츠를 매치하고 백팩으로 완성한 아웃도어 룩
621,활동성 보장,./image/image_621.jpg,플리스 소재가 돋보이는 후드 티셔츠와 기능성 팬츠를 코디하고 롱 패딩으로 연출한 아웃도어 룩
622,추천 아웃도어 룩,./image/image_622.jpg,그린 컬러가 돋보이는 다운 팬츠와 후드 티셔츠를 매치하고 등산화로 마무리한 아웃도어 룩
623,에너지 넘치게!,./image/image_623.jpg,활동하기 좋은 후드 티셔츠와 기모 팬츠를 코디하고 롱 패딩으로 완성한 아웃도어 룩
624,데일리로 제격,./image/image_624.jpg,레터링 디테일이 매력적인 후드 티셔츠와 데님 팬츠를 코디하고 스타디움 재킷으로 완성한 캐주얼 룩
625,시크한 감각,./image/image_625.jpg,레더 소재가 돋보이는 재킷과 부츠 컷 팬츠를 매치하고 숄더백을 더해 완성한 시크 룩
626,디테일 더하기,./image/image_626.jpg,컬러 배색이 돋보이는 스타디움 재킷과 데님 팬츠를 매치하고 숄더백으로 연출한 캐주얼 룩
627,우아한 실루엣,./image/image_627.jpg,깔끔한 실루엣의 트위드 재킷과 플리츠스커트를 코디하고 숄더백을 더해 마무리한 로맨틱 룩
628,스웨트셔츠 활용법,./image/image_628.jpg,레터링이 돋보이는 스웨트셔츠와 데님 스커트를 코디하고 크로스 백을 더해 연출한 캐주얼 룩
629,힙하게 입자!,./image/image_629.jpg,그래픽이 매력적인 후드 티셔츠와 코튼 팬츠를 코디하고 스니커즈로 완성한 스트릿 룩
630,하나로 끝내기,./image/image_630.jpg,로고가 돋보이는 트레이닝 셋업과 플리스를 매치하고 백팩으로 마무리한 캐주얼 룩
631,분위기에 반해,./image/image_631.jpg,오프숄더 디테일이 돋보이는 니트와 데님 팬츠를 코디하고 울 재킷으로 연출한 로맨틱 룩
632,스타일리시해,./image/image_632.jpg,컬러 배색이 돋보이는 니트와 미니스커트를 매치하고 롱부츠로 멋을 더한 걸리시 룩
633,윈터 캐주얼 룩,./image/image_633.jpg,레터링 디테일이 돋보이는 스웨트셔츠와 데님 팬츠를 코디하고 부츠를 더해 완성한 캐주얼 룩
634,꾸안꾸의 매력,./image/image_634.jpg,로고 플레이가 돋보이는 후드 티셔츠와 데님 팬츠를 매치하고 비니로 완성한 캐주얼 룩
635,주말 데이트 룩,./image/image_635.jpg,깔끔한 실루엣의 하프 코트와 데님 팬츠를 코디하고 앵클부츠로 마무리한 댄디 룩
636,믿고 입는 코디,./image/image_636.jpg,버건디 컬러가 매력적인 스웨트셔츠와 코튼 팬츠를 코디하고 머플러를 더해 연출한 캐주얼 룩
637,유니크한 그래픽,./image/image_637.jpg,유니크한 그래픽이 돋보이는 숏 패딩과 카고 팬츠를 매치하고 비니로 멋을 더한 스트릿 룩
638,디테일 가득,./image/image_638.jpg,워싱 디테일이 돋보이는 데님 팬츠와 스웨트셔츠를 매치하고 숏 패딩을 더해 완성한 캐주얼 룩
639,오늘의 출근 룩,./image/image_639.jpg,단정한 무드의 니트와 터틀넥 티셔츠를 레이어드하고 슬랙스와 싱글 코트로 연출한 포멀 룩
640,누구나 어울려,./image/image_640.jpg,로고 포인트의 후드 티셔츠와 트레이닝 팬츠를 매치하고 백팩으로 완성한 캐주얼 룩
641,아메카지의 매력,./image/image_641.jpg,퀼팅 디테일이 돋보이는 플리스 베스트와 코듀로이 팬츠를 코디하고 울 블루종과 모카신을 더해 연출한 아메리칸 캐주얼 룩
642,남다른 디테일,./image/image_642.jpg,체크 패턴이 돋보이는 숏 패딩과 코튼 팬츠를 매치하고 메신저 백으로 멋을 더한 스트릿 룩
643,추천하는 코디,./image/image_643.jpg,퍼플 컬러가 돋보이는 케이블 니트와 데님 팬츠를 코디하고 숏 패딩과 에코 백을 더해 완성한 캐주얼 룩
644,자꾸만 눈이 가,./image/image_644.jpg,컬러 배색 디테일이 돋보이는 니트와 카고 팬츠를 매치하고 스니커즈로 멋을 더한 스트릿 룩
645,데일리 무드,./image/image_645.jpg,캐주얼 무드의 스웨트셔츠와 데님 팬츠를 코디하고 숏 패딩으로 완성한 캐주얼 룩
646,미니멀 스타일링,./image/image_646.jpg,스웨이드 소재가 돋보이는 블루종과 데님 팬츠를 코디하고 부츠로 완성한 댄디 룩
647,편한 게 최고야,./image/image_647.jpg,레터링이 돋보이는 후드 티셔츠와 조거 팬츠를 매치하고 크로스 백으로 마무리한 캐주얼 룩
648,활동하기 좋아,./image/image_648.jpg,활동하기 좋은 트레이닝 셋업과 경량 패딩을 코디하고 스니커즈로 연출한 스포츠 룩
649,남다른 센스,./image/image_649.jpg,코듀로이 소재가 매력적인 플리츠스커트와 레더 재킷을 코디하고 롱부츠로 연출한 걸리시 룩
650,커리어 우먼,./image/image_650.jpg,미니멀한 실루엣의 블레이저와 슬랙스를 매치하고 머플러를 더해 완성한 포멀 룩
651,화사하게 완성,./image/image_651.jpg,레터링이 돋보이는 스웨트셔츠와 조거 팬츠를 코디하고 비니로 포인트를 더한 캐주얼 룩
652,설레는 데이트,./image/image_652.jpg,짜임 디테일이 돋보이는 니트와 셔츠를 레이어드하고 미디스커트와 토트백을 더해 완성한 로맨틱 룩
653,데일리로 딱!,./image/image_653.jpg,레터링 디테일이 돋보이는 스웨트셔츠와 미디스커트를 코디하고 비니로 마무리한 캐주얼 룩
654,여유로운 주말,./image/image_654.jpg,그래픽이 돋보이는 스웨트셔츠와 롱스커트를 매치하고 언더웨어로 연출한 홈 웨어
655,집콕이 좋아,./image/image_655.jpg,그린 컬러가 돋보이는 팬츠와 스웨트셔츠를 코디하고 언더웨어로 마무리한 홈 웨어
656,톡톡 튀는 홈 웨어,./image/image_656.jpg,컬러 배색이 매력적인 파자마 셋업과 화사한 언더웨어로 완성한 홈 웨어
657,데일리 파자마,./image/image_657.jpg,체크 패턴이 돋보이는 파자마 셋업과 언더웨어로 완성한 홈 웨어
658,핑크 포인트,./image/image_658.jpg,핑크 컬러가 매력적인 파자마 셋업과 언더웨어로 마무리한 홈 웨어
659,실패 없는 조합,./image/image_659.jpg,컬러 배색이 돋보이는 스웨트셔츠와 코듀로이 팬츠를 코디하고 크로스 백으로 마무리한 캐주얼 룩
660,자꾸만 눈이 가,./image/image_660.jpg,미니멀한 실루엣의 니트와 데님 팬츠를 매치하고 머플러를 더해 연출한 댄디 룩
661,그래픽에 집중,./image/image_661.jpg,그래픽이 돋보이는 스웨트셔츠와 벌룬 핏 팬츠를 매치하고 스니커즈로 포인트를 더한 캐주얼 룩
662,멋스럽게 출근,./image/image_662.jpg,오트밀 컬러가 돋보이는 니트와 셔츠를 레이어드하고 슬랙스와 블레이저 재킷으로 연출한 포멀 룩
663,데일리 룩 추천,./image/image_663.jpg,로고가 돋보이는 니트와 데님 팬츠를 코디하고 숏 패딩으로 포인트를 더한 캐주얼 룩
664,미니멀 스타일링,./image/image_664.jpg,브라운 컬러가 돋보이는 니트와 데님 팬츠를 매치하고 부츠로 마무리한 댄디 룩
665,누구나 편하게,./image/image_665.jpg,심벌 로고가 돋보이는 하프 집업과 스웨트 팬츠를 코디하고 숏 패딩으로 마무리한 캐주얼 룩
666,개성 넘쳐,./image/image_666.jpg,그린 컬러가 돋보이는 후드 티셔츠와 카고 팬츠를 매치하고 비니와 스니커즈로 멋을 더한 스트릿 룩
667,매력 만점,./image/image_667.jpg,워싱 디테일이 돋보이는 데님 팬츠와 스웨터를 코디하고 싱글 코트와 숄더백으로 연출한 댄디 룩
668,뉴트럴 톤의 매력,./image/image_668.jpg,로고 포인트의 피케 티셔츠와 스웨트 팬츠를 매치하고 스타디움 재킷으로 완성한 캐주얼 룩
669,남다른 스타일,./image/image_669.jpg,로고 디테일이 돋보이는 숏 패딩과 스웨트셔츠를 코디하고 조거 팬츠와 버킷햇으로 마무리한 아웃도어 룩
670,추천 아웃도어 룩,./image/image_670.jpg,활동하기 좋은 아노락 재킷과 퍼티그 팬츠를 매치하고 패딩 베스트를 더해 연출한 아웃도어 룩
671,레드 포인트 코디,./image/image_671.jpg,레드 컬러가 매력적인 플리스 재킷과 카고 팬츠를 코디하고 백팩으로 완성한 아웃도어 룩
672,따라 입어봐,./image/image_672.jpg,로고 플레이가 돋보이는 스웨트셔츠와 데님 팬츠를 코디하고 볼캡으로 완성한 캐주얼 룩
673,따뜻한 출근길,./image/image_673.jpg,깔끔한 실루엣의 카디건과 셔츠를 레이어드하고 코튼 팬츠와 헤링본 코트를 더해 연출한 포멀 룩
674,데이트 가는 길,./image/image_674.jpg,간결한 실루엣이 돋보이는 카디건과 데님 팬츠를 코디하고 토트백으로 연출한 로맨틱 룩
675,탐나는 조합,./image/image_675.jpg,레터링이 돋보이는 스웨트셔츠와 데님 팬츠를 코디하고 스타디움 재킷으로 완성한 캐주얼 룩
676,귀여운 디테일,./image/image_676.jpg,체크 패턴이 돋보이는 미니스커트와 니트를 매치하고 부츠로 완성한 걸리시 룩
677,오늘의 OOTD,./image/image_677.jpg,편하게 입기 좋은 후드 집업과 트레이닝 팬츠를 코디하고 레더 패딩으로 마무리한 캐주얼 룩
678,힙한 매력,./image/image_678.jpg,워싱 디테일이 돋보이는 데님 팬츠와 니트를 매치하고 스니커즈로 멋을 더한 스트릿 룩
679,넘치는 매력,./image/image_679.jpg,코듀로이 소재가 돋보이는 숏 패딩과 롱스커트를 매치하고 스니커즈로 마무리한 캐주얼 룩
680,출근 룩으로 제격,./image/image_680.jpg,심플한 무드가 돋보이는 블레이저 재킷과 슬랙스를 스타일링하고 부츠로 연출한 포멀 룩
681,윈터 캐주얼,./image/image_681.jpg,집업 디테일이 돋보이는 스웨트셔츠와 코튼 팬츠를 코디하고 머플러로 포인트를 더한 캐주얼 룩
682,로맨틱 감성,./image/image_682.jpg,깔끔한 실루엣의 카디건과 롱스커트를 코디하고 토트백으로 완성한 로맨틱 룩
683,실패 없는 코디,./image/image_683.jpg,플리스 소재가 돋보이는 후드 티셔츠와 데님 팬츠를 매치하고 비니로 마무리한 캐주얼 룩
684,즐겨 입는 스타일,./image/image_684.jpg,그래픽이 돋보이는 스웨트셔츠와 데님 팬츠를 코디하고 머플러를 더해 완성한 캐주얼 룩
685,깔끔한 출근 룩,./image/image_685.jpg,단정한 실루엣의 니트와 셔츠를 레이어드하고 슬랙스와 더비 슈즈로 완성한 포멀 룩
686,누구나 도전 가능,./image/image_686.jpg,워싱 디테일이 돋보이는 데님 팬츠와 후드 티셔츠를 매치하고 패딩 베스트로 연출한 캐주얼 룩
687,힙하게 꾸미기,./image/image_687.jpg,카무플라주 패턴이 매력적인 코튼 팬츠와 스웨트셔츠를 코디하고 스니커즈로 마무리한 스트릿 룩
688,마음에 들어!,./image/image_688.jpg,스트라이프 패턴이 매력적인 스웨트셔츠와 코튼 팬츠를 매치하고 볼캡으로 마무리한 캐주얼 룩
689,색감에 반해,./image/image_689.jpg,올리브 컬러가 돋보이는 피시테일 파카와 카디건을 코디하고 코듀로이 팬츠로 마무리한 아메리칸 캐주얼 룩
690,매일 입을래,./image/image_690.jpg,레터링이 돋보이는 스웨트셔츠와 트레이닝 팬츠를 매치하고 퀼팅 재킷으로 마무리한 캐주얼 룩
691,눈에 띄는 매치,./image/image_691.jpg,플라워 그래픽이 돋보이는 데님 팬츠와 니트를 매치하고 스니커즈로 멋을 더한 스트릿 룩
692,조화로운 무드,./image/image_692.jpg,체크 패턴이 돋보이는 셔츠와 니트를 레이어드하고 데님 팬츠와 블루종을 더해 완성한 캐주얼 룩
693,운동 가자,./image/image_693.jpg,활동하기 좋은 스웨트셔츠와 조거 팬츠를 코디하고 보스턴백으로 완성한 스포츠 룩
694,데일리 캐주얼,./image/image_694.jpg,집업 디테일이 돋보이는 스웨트셔츠와 데님 팬츠를 매치하고 볼캡으로 마무리한 캐주얼 룩
695,멋짐 가득,./image/image_695.jpg,미니멀한 실루엣의 니트와 데님 팬츠를 코디하고 로브 코트를 더해 완성한 댄디 룩
696,편하게 완성,./image/image_696.jpg,편하게 입기 좋은 스웨트 팬츠와 후드 티셔츠를 코디하고 백팩을 더해 완성한 캐주얼 룩
697,따뜻한 색감,./image/image_697.jpg,오버 핏의 블레이저 재킷과 핀턱 슬랙스를 매치하고 더비 슈즈로 연출한 포멀 룩
698,블루 포인트,./image/image_698.jpg,블루 컬러가 매력적인 후드 티셔츠와 카고 팬츠를 코디하고 스니커즈로 포인트를 더한 캐주얼 룩
699,따라 입어 봐,./image/image_699.jpg,로고 포인트의 스웨트셔츠와 데님 팬츠를 코디하고 스타디움 재킷으로 완성한 캐주얼 룩
700,차분한 분위기,./image/image_700.jpg,단정한 무드의 니트와 셔츠를 레이어드하고 슬랙스와 맥 코트로 연출한 포멀 룩
701,하나로 완성,./image/image_701.jpg,로고 플레이가 돋보이는 패딩 베스트와 트레이닝 셋업을 매치하고 볼캡으로 마무리한 캐주얼 룩
702,힙하게 입자!,./image/image_702.jpg,로고 디테일이 돋보이는 피케 티셔츠와 카고 팬츠를 코디하고 비니와 숄더백으로 멋을 더한 스트릿 룩
703,로맨틱 감성,./image/image_703.jpg,플리츠 디테일이 돋보이는 미디스커트와 니트를 매치하고 로브 코트로 마무리한 로맨틱 룩
704,캐주얼한 필드 룩,./image/image_704.jpg,그래픽 프린팅이 돋보이는 스웨트셔츠와 부츠 컷 팬츠를 매치하고 캐디 백으로 완성한 골프 룩
705,라운딩 가기 좋은 날,./image/image_705.jpg,브라운 컬러의 바시티 재킷과 미니스커트를 코디하고 버킷햇으로 마무리한 골프 룩
706,캐주얼 골프 웨어,./image/image_706.jpg,담백한 무드의 블루종과 부츠 컷 팬츠를 코디하고 캐디 백으로 연출한 골프 룩
707,싱그러운 컬러감,./image/image_707.jpg,퀼팅 디테일이 돋보이는 숏 패딩과 플리츠스커트를 매치하고 골프화로 마무리한 골프 룩
708,홀인원 도전!,./image/image_708.jpg,컬러 배색 디테일이 돋보이는 니트와 스윙 팬츠를 매치하고 버킷햇을 더해 완성한 골프 룩
709,캠퍼스 스타일링,./image/image_709.jpg,캐주얼 무드의 후드 티셔츠와 데님 팬츠를 코디하고 백팩으로 완성한 캐주얼 룩
710,설레는 데이트,./image/image_710.jpg,집업 디테일이 돋보이는 스웨터와 슬랙스를 스타일링한 후 울 블루종으로 연출한 댄디 룩
711,디테일에 주목!,./image/image_711.jpg,레터링이 돋보이는 후드 티셔츠와 데님 팬츠를 매치하고 유광 패딩으로 멋을 더한 스트릿 룩
712,편안하고 따뜻하게,./image/image_712.jpg,로고 플레이가 돋보이는 스웨트셔츠와 조거 팬츠를 매치하고 숏 패딩으로 완성한 캐주얼 룩
713,활동하기 좋아,./image/image_713.jpg,활동하기 좋은 아노락 셋업과 플리스를 코디하고 러닝화로 마무리한 스포츠 룩
714,데일리 아메카지,./image/image_714.jpg,코듀로이 소재가 돋보이는 퍼티그 팬츠와 카디건을 매치하고 크로스 백으로 마무리한 아메리칸 캐주얼 룩
715,손쉬운 매치,./image/image_715.jpg,그래픽이 돋보이는 스웨트셔츠와 데님 팬츠를 코디하고 숏 패딩으로 완성한 캐주얼 룩
716,깔끔한 출근 룩,./image/image_716.jpg,체크 패턴이 돋보이는 블레이저 재킷과 슬랙스를 코디하고 브리프케이스와 로퍼로 연출한 포멀 룩
717,편하게 입어봐,./image/image_717.jpg,편하게 입기 좋은 후드 티셔츠와 스웨트 팬츠를 매치하고 에코 백으로 마무리한 캐주얼 룩
718,눈에 띄는 멋,./image/image_718.jpg,그래픽이 돋보이는 후드 티셔츠와 데님 팬츠를 코디하고 비니로 멋을 더한 스트릿 룩
719,골프 치는 날,./image/image_719.jpg,래글런 디자인이 돋보이는 스웨트셔츠와 스윙 팬츠를 매치하고 골프화로 마무리한 골프 룩
720,트렌디한 조합,./image/image_720.jpg,컬러 배색이 돋보이는 아노락 재킷과 스윙 팬츠를 코디하고 블루종을 더해 연출한 골프 룩
721,골프 홀릭,./image/image_721.jpg,활동하기 편안한 패딩 베스트와 카고 팬츠를 매치하고 더플백으로 완성한 골프 룩
722,올 블랙 스타일링,./image/image_722.jpg,카무플라주 그래픽이 돋보이는 스웨트셔츠와 카고 팬츠를 코디하고 볼캡으로 마무리한 골프 룩
723,뉴트럴 톤으로 완성,./image/image_723.jpg,로고 플레이가 돋보이는 스웨트셔츠와 코듀로이 팬츠를 매치하고 골프화를 더해 연출한 골프 룩
724,더플코트 활용법,./image/image_724.jpg,스트라이프 패턴의 니트와 코듀로이 스커트를 매치하고 에코 백과 부츠를 더해 완성한 캐주얼 룩
725,완벽 꿀 조합,./image/image_725.jpg,컬러 배색이 매력적인 카디건과 미니스커트를 코디하고 롱부츠로 멋을 더한 걸리시 룩
726,화사한 게 좋아,./image/image_726.jpg,로고 포인트의 후드 티셔츠와 데님 스커트를 스타일링하고 크로스 백으로 완성한 캐주얼 룩
727,대세는 고프코어,./image/image_727.jpg,레오퍼드 패턴이 돋보이는 플리스 재킷과 카고 팬츠를 코디하고 백팩으로 연출한 아웃도어 룩
728,남다른 아웃도어 룩,./image/image_728.jpg,레드 컬러가 돋보이는 플리스 베스트와 코튼 팬츠를 매치하고 숏 패딩으로 마무리한 아웃도어 룩
729,이지 고프코어,./image/image_729.jpg,퀼팅 디테일이 돋보이는 숏 패딩과 기능성 팬츠를 코디하고 캠프캡으로 완성한 아웃도어 룩
730,운동 가는 날,./image/image_730.jpg,활동하기 좋은 트레이닝 팬츠와 후드 티셔츠를 매치하고 볼캡을 더해 완성한 스포츠 룩
731,한강 달리기,./image/image_731.jpg,따뜻한 색감이 돋보이는 숏 패딩과 레깅스를 코디하고 러닝화로 마무리한 스포츠 룩
732,스포티 무드,./image/image_732.jpg,컬러 배색이 돋보이는 긴소매 티셔츠와 트레이닝 팬츠를 매치하고 볼캡으로 연출한 스포츠 룩
733,활동하기 좋아,./image/image_733.jpg,심벌 로고가 돋보이는 스웨트셔츠와 조거 팬츠를 코디하고 패딩 베스트로 마무리한 스포츠 룩
734,데일리 러닝 룩,./image/image_734.jpg,편하게 입기 좋은 레깅스와 숏 패딩을 매치하고 웨이스트 백을 더해 완성한 스포츠 룩
735,훈훈한 남친 룩,./image/image_735.jpg,담백한 무드의 싱글 코트와 데님 팬츠를 스타일링한 후 크로스 백과 스니커즈를 더해 연출한 캐주얼 룩
736,오늘의 데이트,./image/image_736.jpg,네이비 컬러의 니트와 데님 팬츠를 코디하고 깔끔한 싱글 코트로 연출한 댄디 룩
737,추천 캠퍼스 코디,./image/image_737.jpg,캐주얼하게 입기 좋은 니트와 데님 팬츠를 코디하고 백팩과 장갑을 더해 완성한 캐주얼 룩
738,글로시한 디테일,./image/image_738.jpg,글로시한 소재감이 돋보이는 퀼팅 패딩과 스웨트셔츠를 매치하고 카고 팬츠로 멋을 더한 스트릿 룩
739,셋업 스타일링,./image/image_739.jpg,편하게 입기 좋은 트레이닝 셋업과 숏 패딩을 매치하고 볼캡으로 마무리한 캐주얼 룩
740,뉴트럴한 색감,./image/image_740.jpg,플라워 그래픽이 돋보이는 스웨트셔츠와 데님 팬츠를 코디하고 스타디움 재킷과 머플러를 더해 연출한 캐주얼 룩
741,스트릿 감성,./image/image_741.jpg,워싱 디테일이 돋보이는 데님 팬츠와 레더 소재의 숏 패딩을 매치하고 볼캡으로 멋을 더한 스트릿 룩
742,꾸안꾸가 대세,./image/image_742.jpg,로고 플레이가 돋보이는 후드 티셔츠와 스웨트 팬츠를 매치하고 스니커즈로 포인트를 더한 캐주얼 룩
743,포근한 출근 룩,./image/image_743.jpg,카키 컬러가 돋보이는 니트와 셔츠를 레이어드하고 슬랙스와 캐시미어 코트를 더해 연출한 포멀 룩
744,데일리로 제격,./image/image_744.jpg,그래픽이 돋보이는 니트와 코튼 팬츠를 코디하고 크로스 백으로 완성한 캐주얼 룩
745,패딩 활용법,./image/image_745.jpg,컬러 배색이 돋보이는 스웨터와 코튼 팬츠를 코디하고 스니커즈로 마무리한 캐주얼 룩
746,꾸민 듯 안 꾸민 듯,./image/image_746.jpg,워싱 디테일이 돋보이는 데님 팬츠와 후드 티셔츠를 매치한 후 볼캡을 더해 연출한 캐주얼 룩
747,활동성 UP!,./image/image_747.jpg,활동하기 좋은 아노락 셋업과 숏 패딩을 코디하고 귀마개로 보온성을 더한 스포츠 룩
748,러닝도 즐겁게,./image/image_748.jpg,편하게 입기 좋은 조거 팬츠와 후드 티셔츠를 매치하고 웨이스트 백으로 마무리한 스포츠 룩
749,스포티해,./image/image_749.jpg,컬러 배색이 매력적인 아노락 재킷과 조거 팬츠를 매치하고 숏 패딩으로 연출한 스포츠 룩
750,러닝 데이,./image/image_750.jpg,따뜻하게 입기 좋은 숏 패딩과 트레이닝 팬츠를 코디하고 비니를 더해 완성한 스포츠 룩
751,올 블랙 스타일링,./image/image_751.jpg,심벌 로고가 돋보이는 긴소매 티셔츠와 트레이닝 팬츠를 매치하고 러닝화로 마무리한 스포츠 룩
752,오늘의 OOTD,./image/image_752.jpg,그린 컬러가 돋보이는 후드 집업과 스웨트셔츠를 매치하고 데님 팬츠로 마무리한 캐주얼 룩
753,탐나는 스타일,./image/image_753.jpg,플리츠 디테일이 돋보이는 미니스커트와 더플코트를 코디하고 숄더백으로 멋을 더한 걸리시 룩
754,편하게 입자,./image/image_754.jpg,편하게 입기 좋은 후드 티셔츠와 조거 팬츠를 코디하고 볼캡으로 포인트를 더한 캐주얼 룩
755,사랑스러워,./image/image_755.jpg,아가일 패턴이 돋보이는 니트와 미니스커트를 매치하고 레그 워머와 플랫 슈즈로 연출한 걸리시 룩
756,포근한 게 좋아,./image/image_756.jpg,심벌 로고 그래픽이 돋보이는 스웨트셔츠와 데님 팬츠를 코디하고 숏 패딩으로 완성한 캐주얼 룩
757,데일리 캐주얼,./image/image_757.jpg,로고 플레이가 돋보이는 스웨트셔츠와 데님 팬츠를 스타일링하고 스니커즈로 마무리한 캐주얼 룩
758,실패 없는 조합,./image/image_758.jpg,편하게 입기 좋은 트레이닝 셋업과 숏 패딩으로 매치하고 스니커즈로 마무리한 캐주얼 룩
759,캠퍼스 룩으로 딱!,./image/image_759.jpg,울 소재의 스타디움 재킷과 데님 팬츠를 코디하고 백팩으로 완성한 캐주얼 룩
760,이렇게 입어봐,./image/image_760.jpg,컬러 배색이 매력적인 플리스 재킷과 후드 니트를 매치하고 코튼 팬츠와 비니로 마무리한 캐주얼 룩
761,꾸안꾸로 완성,./image/image_761.jpg,핑크 컬러가 돋보이는 스웨트셔츠와 트레이닝 팬츠를 코디하고 볼캡을 더해 연출한 캐주얼 룩
762,캠퍼스 남친 룩,./image/image_762.jpg,레터링이 돋보이는 스웨트셔츠와 데님 팬츠를 매치하고 스트라이프 패턴의 머플러를 더해 완성한 캐주얼 룩
763,돋보이는 존재감,./image/image_763.jpg,오렌지 컬러가 매력적인 숏 패딩과 나일론 팬츠를 매치하고 비니로 멋을 더한 스트릿 룩
764,블루 포인트 코디,./image/image_764.jpg,블루 컬러가 매력적인 숏 패딩과 데님 팬츠를 코디하고 볼캡을 더해 연출한 캐주얼 룩
765,미니멀 스타일링,./image/image_765.jpg,미니멀한 무드의 울 재킷과 슬랙스를 코디하고 첼시 부츠로 연출한 댄디 룩
766,편안하게,./image/image_766.jpg,로고 플레이가 돋보이는 후드 티셔츠와 스웨트 팬츠를 매치하고 백팩으로 완성한 캐주얼 룩
767,하나로 끝내기,./image/image_767.jpg,편안하게 입기 좋은 트레이닝 셋업과 플리스 재킷을 코디하고 백팩으로 완성한 캐주얼 룩
768,추천 데일리 룩,./image/image_768.jpg,로고 플레이가 돋보이는 후드 티셔츠와 데님 팬츠를 매치하고 스니커즈로 포인트를 더한 캐주얼 룩
769,고프코어 끝판왕,./image/image_769.jpg,컬러 배색이 매력적인 셋업과 후드 티셔츠를 스타일링하고 트레킹화를 더해 연출한 아웃도어 룩
770,윈터 고프코어,./image/image_770.jpg,핀턱 디테일이 돋보이는 팬츠와 플리스 하프 집업을 매치하고 트루퍼를 더해 완성한 아웃도어 룩
771,뉴트럴 톤 코디,./image/image_771.jpg,아웃 포켓 디테일이 매력적인 숏 패딩과 카고 팬츠를 코디하고 백팩으로 마무리한 아웃도어 룩
772,주말 데이트,./image/image_772.jpg,플리츠 디테일이 돋보이는 미디스커트와 터틀넥 니트를 매치하고 블레이저와 롱부츠로 연출한 로맨틱 룩
773,취향 저격,./image/image_773.jpg,귀여운 그래픽이 돋보이는 니트와 데님 팬츠를 코디하고 숏 패딩과 발라클라바를 더해 완성한 캐주얼 룩
774,깔끔한 포멀 룩,./image/image_774.jpg,담백한 무드의 카디건과 부츠 컷 슬랙스를 코디하고 하프 코트로 마무리한 포멀 룩
775,매일 입을래,./image/image_775.jpg,로고 디테일이 돋보이는 후드 티셔츠와 데님 팬츠를 매치하고 스니커즈로 마무리한 캐주얼 룩
776,스타일리시해,./image/image_776.jpg,옐로 컬러가 돋보이는 스웨트셔츠와 데님 스커트를 코디하고 토트백으로 완성한 걸리시 룩
777,오늘은 쉬는 날,./image/image_777.jpg,로고 디테일이 돋보이는 트레이닝 셋업에 언더웨어를 매치하고 안경을 더해 연출한 홈 웨어
778,집에선 편하게,./image/image_778.jpg,로고 플레이가 돋보이는 언더웨어와 후드 티셔츠를 코디하고 롱스커트로 마무리한 홈 웨어
779,패턴 활용법,./image/image_779.jpg,체크 패턴이 매력적인 파자마 셋업과 언더웨어로 마무리한 홈 웨어
780,소녀 감성,./image/image_780.jpg,플라워 패턴이 매력적인 원피스와 언더웨어로 연출한 홈 웨어
781,화사한 주말,./image/image_781.jpg,화사한 핑크 컬러가 매력적인 파자마 셋업에 언더웨어를 더해 완성한 홈 웨어
782,멋짐 가득,./image/image_782.jpg,깔끔한 실루엣의 니트와 데님 팬츠를 매치하고 머플러와 첼시 부츠를 더해 연출한 댄디 룩
783,센스 만점,./image/image_783.jpg,코듀로이 소재가 돋보이는 코튼 팬츠와 니트를 매치하고 더플코트를 더해 연출한 캐주얼 룩
784,디테일이 돋보여,./image/image_784.jpg,레터링이 매력적인 니트와 카고 팬츠를 코디하고 숏 패딩과 스니커즈로 멋을 더한 스트릿 룩
785,손이 가는 조합,./image/image_785.jpg,레터링이 돋보이는 스웨트셔츠와 데님 팬츠를 코디하고 백팩을 더해 마무리한 캐주얼 룩
786,매력 있어,./image/image_786.jpg,담백한 무드의 니트와 데님 팬츠를 코디하고 피코트로 연출한 댄디 룩
787,따라 입어봐,./image/image_787.jpg,컬러 배색이 돋보이는 숏 패딩과 스웨트 팬츠를 코디하고 스니커즈로 완성한 캐주얼 룩
788,개성 더하기,./image/image_788.jpg,워싱 디테일이 매력적인 데님 팬츠와 니트를 코디하고 퀼팅 재킷으로 멋을 더한 스트릿 룩
789,트렌디한 조합,./image/image_789.jpg,래글런 디자인이 돋보이는 스웨트셔츠와 데님 팬츠를 코디하고 볼캡으로 포인트를 더한 캐주얼 룩
790,담백한 무드,./image/image_790.jpg,깔끔한 실루엣의 니트와 데님 팬츠를 매치하고 첼시 부츠로 연출한 댄디 룩
791,편하게 외출하는 법,./image/image_791.jpg,로고 디테일이 돋보이는 후드 티셔츠와 조거 팬츠를 코디하고 버킷햇으로 완성한 캐주얼 룩
792,분위기에 반해,./image/image_792.jpg,플리츠 디테일이 돋보이는 미디스커트와 카디건을 코디하고 발마칸 코트로 연출한 로맨틱 룩
793,어디에나 어울려,./image/image_793.jpg,핑크 컬러가 돋보이는 니트와 데님 팬츠를 코디하고 숏 패딩으로 완성한 캐주얼 룩
794,스타일리시해,./image/image_794.jpg,크림 컬러가 돋보이는 볼레로 니트와 터틀넥 티셔츠를 레이어드하고 미니스커트와 롱부츠로 마무리한 걸리시 룩
795,실패 없는 코디,./image/image_795.jpg,편하게 입기 좋은 스웨트셔츠와 트레이닝 팬츠를 매치하고 토트백으로 마무리한 캐주얼 룩
796,활동성 UP!,./image/image_796.jpg,활동하기 좋은 레깅스와 스웨트 집업을 코디하고 러닝화로 완성한 스포츠 룩
797,명절 스타일링,./image/image_797.jpg,단정한 무드가 돋보이는 저고리 재킷과 미디스커트를 코디하고 더블 코트로 마무리한 로맨틱 룩
798,섬세한 멋,./image/image_798.jpg,여밈 디테일이 매력적인 블레이저 재킷과 슬랙스를 코디하고 더블 코트를 더해 완성한 포멀 룩
799,단아하게,./image/image_799.jpg,단아한 분위기가 돋보이는 패딩 코트와 미디스커트를 매치하고 플랫 슈즈를 더해 완성한 로맨틱 룩
800,멋스럽게 완성,./image/image_800.jpg,저고리 형태의 하이넥 셔츠와 니트 베스트를 레이어드하고 미니스커트와 토트백을 더해 연출한 걸리시 룩
801,세련된 매치,./image/image_801.jpg,자카드 패턴이 매력적인 롱스커트에 블라우스를 코디하고 숄더백을 더해 연출한 로맨틱 룩
802,추천 캠퍼스 코디,./image/image_802.jpg,캐주얼 무드의 카디건과 데님 팬츠를 코디하고 숏 패딩으로 완성한 캐주얼 룩
803,무톤 재킷의 계절,./image/image_803.jpg,담백한 무드의 무톤 재킷과 데님 팬츠를 매치하고 첼시 부츠로 마무리한 댄디 룩
804,아메카지 멋 내기,./image/image_804.jpg,브라운 컬러가 돋보이는 카디건과 코튼 팬츠를 코디하고 숏 패딩과 머플러를 더해 완성한 아메리칸 캐주얼 룩
805,즐겨 입는 스타일,./image/image_805.jpg,집업 디테일이 돋보이는 스웨트셔츠와 트레이닝 팬츠를 매치하고 볼캡으로 마무리한 캐주얼 룩
806,러닝 룩으로 좋아,./image/image_806.jpg,컬러 배색이 돋보이는 트랙 팬츠와 스웨트셔츠를 코디하고 숏 패딩으로 완성한 스포츠 룩
807,뉴트럴 톤 코디,./image/image_807.jpg,스트라이프 패턴이 돋보이는 니트와 벌룬 핏 팬츠를 코디하고 스니커즈로 완성한 캐주얼 룩
808,오늘의 출근 룩,./image/image_808.jpg,짜임 디테일이 매력적인 니트와 셔츠를 레이어드하고 슬랙스와 발마칸 코트를 더해 연출한 포멀 룩
809,데일리 스타일링,./image/image_809.jpg,그래픽 프린팅이 돋보이는 후드 티셔츠와 카고 팬츠를 매치하고 볼캡으로 마무리한 캐주얼 룩
810,유니크한 조합,./image/image_810.jpg,레드 컬러가 돋보이는 스웨트셔츠와 나일론 팬츠를 코디하고 비니로 멋을 더한 스트릿 룩
811,편하게 외출하기,./image/image_811.jpg,따뜻하게 입기 좋은 롱 패딩과 스웨트 팬츠를 매치하고 백팩을 더해 연출한 캐주얼 룩
812,멋스러운 매치,./image/image_812.jpg,단정한 실루엣의 카디건과 코튼 팬츠를 코디하고 숏 패딩과 트루퍼를 더해 완성한 캐주얼 룩
813,전통의 미,./image/image_813.jpg,편하게 입기 좋은 한복 셋업과 더플코트를 매치하고 크로스 백으로 마무리한 캐주얼 룩
814,한복 연출법,./image/image_814.jpg,담백한 무드의 니트와 랩 스타일의 팬츠를 매치하고 더블 코트로 완성한 댄디 룩
815,일상 속의 한복,./image/image_815.jpg,아웃 포켓 디테일이 돋보이는 숏 패딩과 카디건을 코디하고 조거 팬츠로 연출한 캐주얼 룩
816,명절 코디 추천,./image/image_816.jpg,저고리 디자인이 돋보이는 셔츠와 조거 팬츠를 코디하고 롱 패딩으로 마무리한 캐주얼 룩
817,귀여운 조합,./image/image_817.jpg,로고 플레이가 돋보이는 니트와 롱스커트를 코디하고 크로스 백을 더해 연출한 캐주얼 룩
818,독보적 아우라,./image/image_818.jpg,절개 디테일이 매력적인 후드 티셔츠와 카고 팬츠를 매치하고 숄더백으로 포인트를 더한 스트릿 룩
819,데일리로 딱!,./image/image_819.jpg,컬러 배색이 돋보이는 데님 팬츠와 스웨트셔츠를 매치하고 스니커즈로 마무리한 캐주얼 룩
820,지적인 분위기,./image/image_820.jpg,트위드 소재가 돋보이는 블레이저 재킷과 슬랙스를 매치하고 싱글 코트를 더해 연출한 포멀 룩
821,느낌 있는 캐주얼,./image/image_821.jpg,래글런 디자인이 돋보이는 긴소매 티셔츠와 데님 팬츠를 코디하고 스니커즈로 완성한 캐주얼 룩
822,오늘의 라운딩 룩,./image/image_822.jpg,라인 배색 디테일이 돋보이는 니트와 스윙 팬츠를 매치하고 보스턴백으로 완성한 골프 룩
823,매력 만점,./image/image_823.jpg,핑크 컬러가 돋보이는 스웨트셔츠와 미니스커트를 코디하고 숏 패딩으로 연출한 골프 룩
824,골프 룩 추천,./image/image_824.jpg,따뜻하게 입기 좋은 하프 패딩과 부츠 컷 팬츠를 매치하고 버킷햇으로 마무리한 골프 룩
825,센스 있는 조합,./image/image_825.jpg,아가일 패턴이 돋보이는 베스트와 긴소매 티셔츠를 레이어드하고 플리츠스커트로 연출한 골프 룩
826,나이스 샷!,./image/image_826.jpg,포근한 무드가 돋보이는 니트와 스윙 팬츠를 코디하고 스니커즈로 완성한 골프 룩
827,애정하는 코디,./image/image_827.jpg,레터링이 돋보이는 후드 티셔츠와 데님 팬츠를 코디하고 비니로 포인트를 더한 캐주얼 룩
828,유니크한 디테일,./image/image_828.jpg,워싱 디테일이 매력적인 데님 팬츠와 후드 티셔츠를 코디하고 볼캡으로 멋을 더한 스트릿 룩
829,모노톤의 매력,./image/image_829.jpg,로고 플레이가 매력적인 스웨트셔츠와 카고 팬츠를 매치하고 볼캡으로 연출한 캐주얼 룩
830,뉴트럴 톤 스타일링,./image/image_830.jpg,따뜻한 색감이 돋보이는 니트와 코튼 팬츠를 코디하고 첼시 부츠로 마무리한 댄디 룩
831,편하게 즐겨,./image/image_831.jpg,블루 컬러가 매력적인 후드 티셔츠와 스웨트 팬츠를 매치하고 스니커즈로 완성한 캐주얼 룩
832,레드 포인트,./image/image_832.jpg,컬러 배색이 돋보이는 하프 집업과 데님 팬츠를 매치하고 비니로 포인트를 더한 캐주얼 룩
833,출근하는 길,./image/image_833.jpg,집업 디테일이 돋보이는 니트와 슬랙스를 코디하고 싱글 코트와 브리프케이스로 마무리한 포멀 룩
834,따뜻한 색감,./image/image_834.jpg,짜임 디테일이 돋보이는 니트와 셔츠를 레이어드하고 데님 팬츠와 숏 패딩으로 완성한 캐주얼 룩
835,등산 가는 날,./image/image_835.jpg,활동하기 좋은 스웨트셔츠와 카고 팬츠를 매치하고 트레킹화로 연출한 아웃도어 룩
836,호불호 없는 캐주얼,./image/image_836.jpg,아웃 포켓 디테일이 돋보이는 숏 패딩과 카고 팬츠를 코디하고 백팩으로 마무리한 캐주얼 룩
837,깔끔하게 완성,./image/image_837.jpg,그레이 컬러가 돋보이는 니트 집업과 스윙 팬츠를 코디하고 버킷햇으로 연출한 골프 룩
838,필드 위 주인공,./image/image_838.jpg,그린 컬러가 돋보이는 트레이닝 팬츠와 스웨트셔츠를 매치하고 코듀로이 패딩으로 완성한 골프 룩
839,골프 홀릭,./image/image_839.jpg,활동하기 좋은 피케 티셔츠와 스윙 팬츠를 코디하고 롱 패딩으로 연출한 골프 룩
840,완벽한 스윙,./image/image_840.jpg,플리스 소재가 돋보이는 하프 집업과 카고 팬츠를 매치하고 캐디 백으로 마무리한 골프 룩
841,캐주얼 골프 웨어,./image/image_841.jpg,집업 디테일이 돋보이는 스웨트셔츠와 조거 팬츠를 코디하고 보스턴백으로 완성한 골프 룩
842,지금 입기 좋아,./image/image_842.jpg,레드 컬러가 매력적인 숏 패딩과 데님 팬츠를 코디하고 스니커즈로 연출한 캐주얼 룩
843,탐나는 스타일,./image/image_843.jpg,래글런 디자인이 매력적인 니트와 미니스커트를 코디하고 스웨이드 무스탕을 더해 연출한 걸리시 룩
844,뉴트럴 톤 스타일링,./image/image_844.jpg,스트라이프 패턴이 돋보이는 니트와 코듀로이 스커트를 매치하고 버킷햇을 더해 마무리한 캐주얼 룩
845,깔끔하고 단정하게,./image/image_845.jpg,미니멀한 실루엣의 더블 코트와 부츠 컷 슬랙스를 매치하고 로퍼로 마무리한 포멀 룩
846,실패 없는 조합,./image/image_846.jpg,그래픽이 돋보이는 스웨트셔츠와 데님 팬츠를 코디하고 숄더백으로 완성한 캐주얼 룩
847,윈터 캐주얼 코디,./image/image_847.jpg,로고 포인트의 후드 티셔츠와 데님 팬츠를 매치하고 플리스 재킷과 스니커즈를 더해 연출한 캐주얼 룩
848,핑크 포인트,./image/image_848.jpg,핑크 컬러가 돋보이는 아노락 재킷과 오버올을 코디하고 숏 패딩으로 완성한 스포츠 룩
849,활동성 UP!,./image/image_849.jpg,활동하기 좋은 스웨트셔츠와 오버올을 매치하고 코치 재킷으로 마무리한 스포츠 룩
850,전문가 포스,./image/image_850.jpg,집업 디테일이 돋보이는 아노락 재킷과 오버올을 코디하고 귀마개와 장갑으로 보온성을 더한 스포츠 룩
851,스노보드 시즌,./image/image_851.jpg,컬러 배색이 돋보이는 숏 패딩과 스웨트셔츠를 매치하고 오버올로 마무리한 스포츠 룩
852,스키장 가자!,./image/image_852.jpg,라임 컬러가 돋보이는 오버올과 후드 티셔츠를 코디하고 숏 패딩으로 완성한 스포츠 룩
853,손이 가는 조합,./image/image_853.jpg,버건디 컬러가 매력적인 스웨트셔츠와 데님 팬츠를 코디하고 스니커즈로 완성한 캐주얼 룩
854,시선 강탈,./image/image_854.jpg,오렌지 컬러가 매력적인 숏 패딩과 데님 팬츠를 코디하고 비니로 연출한 스트릿 룩
855,추천하는 코디,./image/image_855.jpg,플라워 그래픽이 돋보이는 스웨트셔츠와 데님 팬츠를 코디하고 숏 패딩으로 연출한 캐주얼 룩
856,깔끔하게 마무리,./image/image_856.jpg,워싱 디테일이 돋보이는 데님 팬츠와 무톤 재킷을 매치하고 머플러를 더해 마무리한 댄디 룩
857,데일리 무드,./image/image_857.jpg,레터링이 돋보이는 후드 티셔츠와 데님 팬츠를 코디하고 백팩으로 마무리한 캐주얼 룩
858,따라 입기 쉬워,./image/image_858.jpg,블루 컬러가 돋보이는 스웨트셔츠와 데님 팬츠를 코디하고 머플러를 더해 완성한 캐주얼 룩
859,자꾸만 눈이 가,./image/image_859.jpg,그래픽이 돋보이는 후드 티셔츠와 카고 팬츠를 매치하고 비니로 멋을 더한 스트릿 룩
860,매력 만점,./image/image_860.jpg,스트라이프 패턴이 돋보이는 니트와 데님 팬츠를 매치하고 크로스 백으로 마무리한 캐주얼 룩
861,깔끔한 포멀 룩,./image/image_861.jpg,깔끔한 실루엣의 더블 코트와 슬랙스를 매치하고 더비 슈즈로 완성한 포멀 룩
862,모노톤 캐주얼,./image/image_862.jpg,따뜻하게 입기 좋은 숏 패딩과 나일론 팬츠를 코디하고 볼캡으로 포인트를 더한 캐주얼 룩
863,훈훈하게 완성,./image/image_863.jpg,캐주얼하게 입기 좋은 더플코트와 데님 팬츠를 스타일링하고 에코 백으로 완성한 캐주얼 룩
864,꾸안꾸가 대세,./image/image_864.jpg,로고 플레이가 돋보이는 후드 티셔츠와 데님 팬츠를 코디하고 비니로 마무리한 캐주얼 룩
865,스키 타러 가는 날,./image/image_865.jpg,와펜 디테일이 돋보이는 숏 패딩과 보드 팬츠를 코디하고 고글로 마무리한 스포츠 룩
866,스포티한 멋,./image/image_866.jpg,컬러 배색이 매력적인 스웨트셔츠와 보드 팬츠를 매치하고 웨이스트 백으로 포인트를 더한 스포츠 룩
867,활동성 보장,./image/image_867.jpg,차콜 컬러의 보드 팬츠와 아노락 재킷을 코디하고 하프 패딩으로 연출한 스포츠 룩
868,따뜻한 게 최고,./image/image_868.jpg,컬러 배색이 돋보이는 재킷과 후드 티셔츠를 매치하고 보드 팬츠로 마무리한 스포츠 룩
869,겨울을 즐기는 법,./image/image_869.jpg,집업 디테일이 돋보이는 아노락 재킷과 보드 팬츠를 코디하고 웨이스트 백으로 포인트를 더한 스포츠 룩
870,귀엽게 완성,./image/image_870.jpg,체크 패턴이 매력적인 플리츠스커트와 볼레로 니트를 코디하고 퍼 재킷과 롱부츠로 마무리한 걸리시 룩
871,감각 있어,./image/image_871.jpg,체크 패턴이 돋보이는 니트와 롱스커트를 코디하고 숄더백으로 완성한 캐주얼 룩
872,독보적 아우라,./image/image_872.jpg,그래픽이 돋보이는 후드 티셔츠와 데님 팬츠를 코디하고 비니로 멋을 더한 스트릿 룩
873,꾸안꾸의 정석,./image/image_873.jpg,편하게 입기 좋은 트레이닝 셋업과 롱 패딩을 매치하고 에코 백으로 마무리한 캐주얼 룩
874,로맨틱 감성,./image/image_874.jpg,그레이 컬러의 볼레로 니트와 데님 팬츠를 매치하고 더블 코트로 연출한 로맨틱 룩
875,편안한 하루,./image/image_875.jpg,편안하게 입기 좋은 후드 티셔츠와 미디스커트를 매치하고 부츠로 연출한 캐주얼 룩
876,산뜻하게 꾸며봐,./image/image_876.jpg,그래픽 프린팅이 돋보이는 스웨트셔츠와 데님 팬츠를 코디하고 장갑을 더해 마무리한 캐주얼 룩
877,컬러 포인트,./image/image_877.jpg,화사한 컬러감이 돋보이는 숏 패딩과 카고 팬츠를 매치하고 백팩을 더해 완성한 아웃도어 룩
878,윈터 고프코어,./image/image_878.jpg,로고 플레이가 돋보이는 후드 티셔츠와 카고 팬츠를 코디하고 스니커즈로 마무리한 아웃도어 룩
879,아웃도어 룩 추천,./image/image_879.jpg,활동하기 좋은 나일론 재킷과 코튼 팬츠를 매치하고 하프 패딩을 더해 연출한 아웃도어 룩
880,디테일이 돋보여,./image/image_880.jpg,그러데이션이 매력적인 숏 패딩과 데님 팬츠를 코디하고 스니커즈로 포인트를 준 캐주얼 룩
881,데이트 있는 날,./image/image_881.jpg,미니멀한 실루엣의 더블 코트와 데님 팬츠를 매치하고 앵클부츠로 완성한 댄디 룩
882,오늘의 패션,./image/image_882.jpg,스티치 디테일이 돋보이는 워크 팬츠와 후드 티셔츠를 매치하고 볼캡으로 마무리한 캐주얼 룩
883,유니크한 감성,./image/image_883.jpg,그래픽이 돋보이는 스웨트셔츠와 코튼 팬츠를 코디하고 비니로 멋을 더한 스트릿 룩
884,셋업 스타일링,./image/image_884.jpg,편안하게 입기 좋은 트레이닝 셋업과 숏 패딩을 코디하고 비니로 연출한 캐주얼 룩
885,미니멀 무드,./image/image_885.jpg,집업 디테일이 돋보이는 니트와 데님 팬츠를 코디하고 싱글 코트로 마무리한 댄디 룩
886,힙하다 힙해,./image/image_886.jpg,스티치 디테일이 매력적인 데님 팬츠와 니트를 매치하고 글로시한 숏 패딩으로 멋을 더한 스트릿 룩
887,이렇게 입어봐,./image/image_887.jpg,그린 컬러가 돋보이는 숏 패딩과 스웨트셔츠를 코디하고 데님 팬츠로 완성한 캐주얼 룩
888,멋스러운 출근 룩,./image/image_888.jpg,그레이 컬러가 돋보이는 카디건과 슬랙스를 코디하고 패딩 코트로 연출한 포멀 룩
889,하나로 끝내기,./image/image_889.jpg,편하게 입기 좋은 트레이닝 셋업과 패딩 코트를 매치하고 머플러를 더해 완성한 캐주얼 룩
890,디테일에 반해,./image/image_890.jpg,그래픽이 돋보이는 니트와 카고 팬츠를 매치하고 스니커즈로 멋을 더한 스트릿 룩
891,믿고 입는 코디,./image/image_891.jpg,로고 플레이가 돋보이는 스웨트셔츠와 긴소매 티셔츠를 레이어드하고 데님 팬츠와 볼캡으로 완성한 캐주얼 룩
892,감각적인 댄디 룩,./image/image_892.jpg,브라운 컬러가 돋보이는 무스탕과 데님 팬츠를 코디하고 캐리어로 마무리한 댄디 룩
893,편안한 게 최고,./image/image_893.jpg,로고 레터링이 돋보이는 후드 티셔츠와 트레이닝 팬츠를 매치하고 숏 패딩으로 마무리한 캐주얼 룩
894,활동성 UP!,./image/image_894.jpg,활동하기 좋은 스웨트셔츠와 조거 팬츠를 코디하고 웨이스트 백으로 완성한 스포츠 룩
895,윈터 캐주얼 룩,./image/image_895.jpg,컬러 배색이 돋보이는 스웨트셔츠와 데님 스커트를 코디하고 장갑으로 포인트를 더한 캐주얼 룩
896,데일리로 딱!,./image/image_896.jpg,레터링이 돋보이는 스웨트셔츠와 코튼 팬츠를 매치하고 머플러로 마무리한 캐주얼 룩
897,워너비 스타일,./image/image_897.jpg,컷아웃 디테일이 돋보이는 니트와 부츠 컷 팬츠를 코디하고 퍼 재킷과 숄더백을 더해 완성한 시크 룩
898,센스 있는 매치,./image/image_898.jpg,퀼팅 디테일이 돋보이는 숏 패딩과 미디스커트를 코디하고 버킷햇을 더해 연출한 캐주얼 룩
899,로맨틱하게,./image/image_899.jpg,깔끔한 실루엣의 롱 코트와 부츠 컷 팬츠를 매치하고 숄더백으로 마무리한 로맨틱 룩
900,뉴트럴 톤 홈 웨어,./image/image_900.jpg,레이스 디테일이 돋보이는 체크 파자마 셋업과 언더웨어로 완성한 홈 웨어
901,오늘은 쉬는 날,./image/image_901.jpg,편하게 입기 좋은 스웨트셔츠와 트레이닝 팬츠를 코디하고 언더웨어로 마무리한 홈 웨어
902,귀여운 집순이 룩,./image/image_902.jpg,귀여운 그래픽이 돋보이는 파자마 셋업과 언더웨어로 연출한 홈 웨어
903,포근한 색감,./image/image_903.jpg,오트밀 컬러의 스웨트셔츠와 니트 팬츠를 코디하고 언더웨어로 마무리한 홈 웨어
904,하나로 끝내기,./image/image_904.jpg,스트라이프 패턴이 돋보이는 파자마 셋업과 언더웨어로 완성한 홈 웨어
905,누구나 어울려,./image/image_905.jpg,자수 디테일이 매력적인 후드 티셔츠와 벌룬 핏 팬츠를 코디하고 비니로 마무리한 캐주얼 룩
906,남다른 디테일,./image/image_906.jpg,핀턱 디테일이 돋보이는 트레이닝 팬츠와 스웨트셔츠를 매치하고 숏 패딩으로 포인트를 더한 스트릿 룩
907,깔끔한 실루엣,./image/image_907.jpg,담백한 무드의 카디건과 슬랙스를 매치하고 싱글 코트와 브리프케이스를 더해 연출한 포멀 룩
908,멋스러운 아웃핏,./image/image_908.jpg,카라 디테일이 돋보이는 니트와 슬랙스를 코디하고 싱글 코트로 연출한 댄디 룩
909,데일리 스타일링,./image/image_909.jpg,캐주얼 무드의 후드 티셔츠와 데님 팬츠를 코디하고 볼캡으로 완성한 캐주얼 룩
910,눈에 띄는 멋,./image/image_910.jpg,페이즐리 패턴이 매력적인 숏 패딩과 데님 팬츠를 매치하고 스니커즈로 포인트를 더한 스트릿 룩
911,셋업 코디 추천,./image/image_911.jpg,레터링이 돋보이는 트레이닝 셋업과 숏 패딩을 매치하고 백팩으로 마무리한 캐주얼 룩
912,활동하기 좋아,./image/image_912.jpg,활동하기 좋은 트레이닝 셋업과 숏 패딩을 코디하고 스니커즈로 연출한 스포츠 룩
913,오늘의 캠퍼스 룩,./image/image_913.jpg,로고 플레이가 돋보이는 후드 티셔츠와 데님 팬츠를 코디하고 머플러를 더해 완성한 캐주얼 룩
914,유니크한 매치,./image/image_914.jpg,그래픽이 돋보이는 후드 티셔츠와 레더 팬츠를 매치하고 볼캡으로 멋을 더한 스트릿 룩
915,색감에 반해,./image/image_915.jpg,코듀로이 소재가 돋보이는 베스트와 니트를 레이어드하고 코튼 팬츠와 후드 코트로 마무리한 아메리칸 캐주얼 룩
916,편하게 완성,./image/image_916.jpg,편하게 입기 좋은 트레이닝 셋업과 숏 패딩을 매치하고 볼캡으로 완성한 캐주얼 룩
917,담백한 무드,./image/image_917.jpg,단정한 실루엣의 니트와 셔츠를 레이어드하고 슬랙스와 더비 슈즈로 연출한 포멀 룩
918,매력 만점,./image/image_918.jpg,로고 포인트의 스웨트셔츠와 데님 팬츠를 코디하고 크로스 백으로 연출한 캐주얼 룩
919,추천하는 조합,./image/image_919.jpg,로고 디테일이 돋보이는 스웨트셔츠와 데님 팬츠를 매치하고 비니를 더해 완성한 캐주얼 룩
920,힙하게 즐겨,./image/image_920.jpg,로고 디테일이 돋보이는 집업과 긴소매 티셔츠를 코디하고 데님 팬츠와 숏 패딩으로 멋을 더한 스트릿 룩
921,매력 만점,./image/image_921.jpg,컬러 배색이 돋보이는 니트 집업과 데님 팬츠를 코디하고 부츠로 완성한 캐주얼 룩
922,귀여운 걸리시 룩,./image/image_922.jpg,그래픽이 돋보이는 스웨트셔츠와 미니스커트를 매치하고 숏 패딩으로 멋을 더한 걸리시 룩
923,탐나는 조합,./image/image_923.jpg,레터링이 돋보이는 후드 티셔츠와 데님 팬츠를 코디하고 숄더백으로 마무리한 캐주얼 룩
924,분위기에 반해,./image/image_924.jpg,간결한 무드의 숄 카디건과 터틀넥 티셔츠를 레이어드하고 롱스커트로 연출한 로맨틱 룩
925,데일리 캐주얼,./image/image_925.jpg,포근한 무드의 니트 집업과 데님 팬츠를 매치하고 머플러로 포인트를 더한 캐주얼 룩
926,따뜻한 색감,./image/image_926.jpg,깔끔한 무드의 니트와 카디건을 레이어드하고 슬랙스와 싱글 코트로 마무리한 포멀 룩
927,꾸안꾸 스타일,./image/image_927.jpg,플리스 소재가 돋보이는 스웨트셔츠와 데님 팬츠를 코디하고 볼캡으로 마무리한 캐주얼 룩
928,컨템포러리 우먼,./image/image_928.jpg,미니멀한 실루엣의 더블 코트와 블레이저 셋업을 코디하고 크로스 백으로 연출한 포멀 룩
929,편하게 완성,./image/image_929.jpg,베이지 컬러의 후드 티셔츠와 스웨트 팬츠를 매치하고 비니와 스니커즈로 완성한 캐주얼 룩
930,한파에도 끄떡 없어,./image/image_930.jpg,캐주얼 무드의 후드 티셔츠와 데님 팬츠를 매치하고 머플러로 포인트를 더한 캐주얼룩
931,센스 넘쳐,./image/image_931.jpg,워싱 디테일이 돋보이는 데님 팬츠와 니트를 코디하고 더비 슈즈로 연출한 댄디 룩
932,추천 아웃도어 룩,./image/image_932.jpg,로고 디테일이 돋보이는 스웨트셔츠와 나일론 팬츠를 코디하고 스니커즈로 마무리한 아웃도어 룩
933,고프코어 룩은 이렇게!,./image/image_933.jpg,리버서블 디테일이 돋보이는 베스트와 스웨트셔츠를 매치하고 코튼 팬츠와 트루퍼를 더해 마무리한 아웃도어 룩
934,스포티 무드,./image/image_934.jpg,블루 컬러가 돋보이는 코치 재킷과 와이드 팬츠를 코디하고 숏 패딩으로 완성한 아웃도어 룩
935,오늘의 데이트,./image/image_935.jpg,담백한 무드의 니트와 터틀넥 티셔츠를 레이어드하고 데님 팬츠와 부츠로 마무리한 댄디 룩
936,윈터 캠퍼스 코디,./image/image_936.jpg,로고가 돋보이는 후드 티셔츠와 데님 팬츠를 코디하고 발마칸 코트로 완성한 캐주얼 룩
937,힙한 바이브,./image/image_937.jpg,유니크한 그래픽이 돋보이는 니트와 조거 팬츠를 매치하고 비니와 스니커즈로 멋을 더한 스트릿 룩
938,매일 입을래,./image/image_938.jpg,네이비 컬러가 돋보이는 후드 티셔츠와 조거 팬츠를 매치하고 볼캡으로 완성한 캐주얼 룩
939,운동 가자!,./image/image_939.jpg,활동하기 좋은 아노락 재킷과 트레이닝 팬츠를 코디하고 롱 패딩으로 보온성을 더한 스포츠 룩
940,데일리 룩 추천,./image/image_940.jpg,캐주얼 무드의 스웨트셔츠와 데님 팬츠를 코디하고 볼캡을 더해 연출한 캐주얼 룩
941,출근 룩으로 제격,./image/image_941.jpg,따뜻한 색감이 돋보이는 니트와 셔츠를 레이어드하고 슬랙스와 브리프케이스를 더해 연출한 포멀 룩
942,코듀로이 활용법,./image/image_942.jpg,코듀로이 소재가 돋보이는 숏 패딩과 데님 팬츠를 코디하고 머플러로 포인트를 더한 캐주얼 룩
943,훈훈한 이미지,./image/image_943.jpg,미니멀한 실루엣이 돋보이는 카디건과 니트를 레이어드하고 슬랙스와 피코트로 완성한 댄디 룩
944,컬러 포인트,./image/image_944.jpg,블루 컬러가 매력적인 후드 티셔츠와 스웨트 팬츠를 매치하고 스니커즈로 마무리한 캐주얼 룩
945,언제 어디서나,./image/image_945.jpg,따뜻하게 입기 좋은 카디건과 데님 팬츠를 코디하고 숄더백으로 완성한 캐주얼 룩
946,패턴 포인트 코디,./image/image_946.jpg,지브라 패턴이 매력적인 데님 팬츠와 스웨트셔츠를 매치하고 비니로 멋을 더한 스트릿 룩
947,윈터 걸리시 룩,./image/image_947.jpg,집업 디테일이 돋보이는 니트와 미니스커트를 코디하고 숏 패딩으로 포인트를 더한 걸리시 룩
948,누구나 소화 가능,./image/image_948.jpg,편하게 입기 좋은 트레이닝 셋업과 숏 패딩을 매치하고 숄더백으로 마무리한 캐주얼 룩
949,단아한 실루엣,./image/image_949.jpg,단아한 무드가 돋보이는 블레이저와 롱스커트를 코디하고 로브 코트로 연출한 로맨틱 룩
950,골프 룩 추천,./image/image_950.jpg,활동하기 좋은 스웨트셔츠와 스윙 팬츠를 매치하고 캐디 백을 더해 연출한 골프 룩
951,모노톤 스타일링,./image/image_951.jpg,레터링이 돋보이는 스웨트셔츠와 플리츠스커트를 코디하고 골프화로 마무리한 골프 룩
